Student_ID,Previous_Scores,Exam_Score,Score_Cluster
0,73,67,Low
1,59,61,Low
2,91,74,High
3,98,71,High
4,65,70,Low
5,89,71,High
6,68,67,Low
7,50,66,Low
8,80,69,High
9,71,72,High
10,88,68,Mid
11,87,71,High
12,97,70,High
13,72,66,Low
14,74,65,Low
15,70,64,Low
16,65,60,Low
17,82,65,Mid
18,91,67,Mid
19,58,66,Low
20,99,69,Mid
21,84,72,High
22,89,66,Mid
23,100,66,Mid
24,75,63,Mid
25,54,64,Low
26,90,65,Mid
27,94,71,High
28,58,66,Low
29,51,64,Low
30,57,63,Low
31,66,69,Low
32,96,67,Mid
33,50,61,Low
34,90,68,Mid
35,93,61,Mid
36,91,64,Mid
37,54,67,Low
38,84,63,Mid
39,98,64,Mid
40,56,67,Low
41,52,65,Low
42,94,64,Mid
43,82,70,High
44,82,68,Mid
45,98,65,Mid
46,88,68,Mid
47,70,64,Low
48,72,68,Low
49,57,63,Low
50,65,64,Low
51,72,64,Low
52,63,67,Low
53,96,67,Mid
54,51,66,Low
55,79,72,High
56,89,65,Mid
57,87,71,High
58,82,66,Mid
59,71,68,Low
60,96,70,High
61,66,62,Low
62,88,68,Mid
63,96,67,Mid
64,56,71,Low
65,97,68,Mid
66,89,69,Mid
67,81,70,High
68,69,69,Low
69,95,65,Mid
70,52,70,Low
71,72,71,High
72,88,65,Mid
73,91,72,High
74,60,69,Low
75,52,66,Low
76,90,68,Mid
77,71,65,Low
78,57,64,Low
79,54,60,Low
80,82,65,Mid
81,79,66,Mid
82,93,74,High
83,52,62,Low
84,93,70,High
85,94,69,Mid
86,72,67,Low
87,54,64,Low
88,97,71,High
89,54,68,Low
90,80,64,Mid
91,75,63,Mid
92,92,71,High
93,75,69,High
94,73,100,High
95,94,68,Mid
96,98,62,Mid
97,77,68,Mid
98,73,66,Low
99,92,64,Mid
100,92,67,Mid
101,66,65,Low
102,79,65,Mid
103,58,69,Low
104,82,63,Mid
105,92,72,High
106,59,76,High
107,66,69,Low
108,72,67,Low
109,92,69,Mid
110,87,63,Mid
111,66,67,Low
112,62,66,Low
113,85,79,High
114,74,64,Low
115,80,73,High
116,82,63,Mid
117,78,65,Mid
118,81,73,High
119,94,70,High
120,93,68,Mid
121,57,65,Low
122,79,71,High
123,72,64,Low
124,64,68,Low
125,82,69,High
126,76,69,High
127,89,69,Mid
128,55,67,Low
129,65,68,Low
130,51,64,Low
131,87,66,Mid
132,96,63,Mid
133,79,66,Mid
134,81,66,Mid
135,52,67,Low
136,75,65,Mid
137,76,68,Mid
138,52,68,Low
139,89,65,Mid
140,64,71,High
141,86,65,Mid
142,70,64,Low
143,100,72,High
144,61,65,Low
145,53,66,Low
146,99,61,Mid
147,62,68,Low
148,82,69,High
149,69,72,High
150,82,71,High
151,80,70,High
152,85,68,Mid
153,51,67,Low
154,92,68,Mid
155,74,68,Low
156,76,72,High
157,71,65,Low
158,99,66,Mid
159,90,65,Mid
160,66,67,Low
161,89,66,Mid
162,72,69,High
163,94,66,Mid
164,52,69,Low
165,68,67,Low
166,71,66,Low
167,87,71,High
168,59,70,Low
169,64,71,High
170,86,66,Mid
171,54,67,Low
172,60,66,Low
173,88,72,High
174,94,68,Mid
175,86,69,High
176,76,71,High
177,55,70,Low
178,91,67,Mid
179,56,69,Low
180,69,65,Low
181,53,65,Low
182,85,64,Mid
183,75,63,Mid
184,95,69,Mid
185,57,64,Low
186,91,72,High
187,76,63,Mid
188,68,64,Low
189,82,64,Mid
190,90,67,Mid
191,72,71,High
192,62,70,Low
193,96,61,Mid
194,66,67,Low
195,100,72,High
196,88,66,Mid
197,84,70,High
198,51,67,Low
199,72,67,Low
200,75,71,High
201,69,66,Low
202,57,68,Low
203,68,74,High
204,54,64,Low
205,65,65,Low
206,54,66,Low
207,88,66,Mid
208,84,68,Mid
209,97,78,High
210,69,67,Low
211,89,74,High
212,79,74,High
213,82,62,Mid
214,77,66,Mid
215,89,69,Mid
216,52,68,Low
217,54,89,High
218,55,66,Low
219,64,68,Low
220,80,69,High
221,82,67,Mid
222,86,75,High
223,64,60,Low
224,83,66,Mid
225,56,73,High
226,50,68,Low
227,85,62,Mid
228,86,62,Mid
229,81,65,Mid
230,63,69,Low
231,96,64,Mid
232,94,67,Mid
233,76,70,High
234,99,70,High
235,65,69,Low
236,75,61,Mid
237,96,69,Mid
238,73,63,Low
239,74,67,Low
240,54,65,Low
241,61,66,Low
242,58,63,Low
243,78,68,Mid
244,66,65,Low
245,54,67,Low
246,75,68,Mid
247,83,64,Mid
248,87,71,High
249,92,69,Mid
250,74,67,Low
251,70,65,Low
252,84,68,Mid
253,51,67,Low
254,82,67,Mid
255,70,66,Low
256,73,70,High
257,65,65,Low
258,56,69,Low
259,70,65,Low
260,65,63,Low
261,98,67,Mid
262,97,61,Mid
263,82,65,Mid
264,95,66,Mid
265,88,66,Mid
266,67,69,Low
267,80,63,Mid
268,61,65,Low
269,84,67,Mid
270,52,69,Low
271,92,65,Mid
272,79,65,Mid
273,53,65,Low
274,94,67,Mid
275,94,66,Mid
276,93,72,High
277,89,66,Mid
278,84,65,Mid
279,70,69,Low
280,57,68,Low
281,64,64,Low
282,67,69,Low
283,68,59,Low
284,78,68,Mid
285,60,60,Low
286,59,62,Low
287,86,67,Mid
288,50,68,Low
289,57,64,Low
290,72,65,Low
291,57,65,Low
292,98,63,Mid
293,84,70,High
294,72,66,Low
295,56,68,Low
296,69,66,Low
297,83,63,Mid
298,98,66,Mid
299,74,65,Low
300,85,66,Mid
301,60,67,Low
302,81,66,Mid
303,62,63,Low
304,60,66,Low
305,75,67,Mid
306,61,71,Low
307,86,67,Mid
308,97,69,Mid
309,70,67,Low
310,66,72,High
311,59,70,Low
312,70,67,Low
313,78,64,Mid
314,69,67,Low
315,81,69,High
316,83,68,Mid
317,55,63,Low
318,85,68,Mid
319,95,70,High
320,51,66,Low
321,78,68,Mid
322,80,67,Mid
323,85,69,High
324,69,66,Low
325,91,68,Mid
326,77,69,High
327,70,70,High
328,86,74,High
329,96,70,High
330,91,66,Mid
331,97,69,Mid
332,63,64,Low
333,56,62,Low
334,77,70,High
335,52,68,Low
336,84,65,Mid
337,62,65,Low
338,73,71,High
339,83,66,Mid
340,74,61,Low
341,62,67,Low
342,94,65,Mid
343,88,65,Mid
344,80,65,Mid
345,85,73,High
346,71,62,Low
347,69,60,Low
348,58,61,Low
349,90,67,Mid
350,69,70,High
351,85,69,High
352,65,66,Low
353,90,64,Mid
354,55,68,Low
355,81,67,Mid
356,90,64,Mid
357,83,65,Mid
358,85,66,Mid
359,76,63,Mid
360,78,68,Mid
361,53,66,Low
362,63,63,Low
363,86,63,Mid
364,97,74,High
365,77,70,High
366,86,68,Mid
367,84,66,Mid
368,100,63,Mid
369,90,67,Mid
370,81,62,Mid
371,56,71,Low
372,68,72,High
373,63,72,High
374,93,68,Mid
375,72,66,Low
376,77,70,High
377,98,66,Mid
378,92,72,High
379,89,64,Mid
380,57,63,Low
381,51,61,Low
382,56,62,Low
383,87,68,Mid
384,71,68,Low
385,56,63,Low
386,87,70,High
387,60,68,Low
388,79,72,High
389,87,67,Mid
390,80,61,Mid
391,100,69,Mid
392,72,61,Low
393,66,75,High
394,60,68,Low
395,75,65,Mid
396,93,67,Mid
397,97,75,High
398,99,64,Mid
399,77,70,High
400,80,67,Mid
401,79,63,Mid
402,73,65,Low
403,58,67,Low
404,53,86,High
405,72,67,Low
406,59,63,Low
407,94,66,Mid
408,88,65,Mid
409,81,67,Mid
410,52,69,Low
411,81,66,Mid
412,81,64,Mid
413,72,73,High
414,83,66,Mid
415,93,68,Mid
416,88,70,High
417,74,69,High
418,63,67,Low
419,74,62,Low
420,97,68,Mid
421,91,72,High
422,51,69,Low
423,89,66,Mid
424,59,70,Low
425,79,71,High
426,90,65,Mid
427,78,70,High
428,70,65,Low
429,66,62,Low
430,65,62,Low
431,92,70,High
432,91,66,Mid
433,91,67,Mid
434,64,72,High
435,90,66,Mid
436,52,68,Low
437,60,62,Low
438,76,64,Mid
439,70,65,Low
440,56,66,Low
441,52,64,Low
442,81,67,Mid
443,66,69,Low
444,51,68,Low
445,72,64,Low
446,65,68,Low
447,79,64,Mid
448,96,71,High
449,65,61,Low
450,100,68,Mid
451,54,73,Low
452,54,64,Low
453,86,72,High
454,87,65,Mid
455,71,68,Low
456,64,71,High
457,90,65,Mid
458,98,66,Mid
459,99,63,Mid
460,82,74,High
461,87,66,Mid
462,91,63,Mid
463,90,72,High
464,100,69,Mid
465,91,67,Mid
466,83,66,Mid
467,69,64,Low
468,80,67,Mid
469,94,69,Mid
470,65,65,Low
471,52,64,Low
472,66,65,Low
473,98,72,High
474,90,66,Mid
475,59,66,Low
476,51,67,Low
477,83,69,High
478,79,73,High
479,54,69,Low
480,98,68,Mid
481,81,61,Mid
482,83,63,Mid
483,93,63,Mid
484,67,68,Low
485,78,63,Mid
486,79,66,Mid
487,98,65,Mid
488,57,68,Low
489,88,66,Mid
490,79,66,Mid
491,92,70,High
492,92,61,Mid
493,51,61,Low
494,63,71,High
495,59,67,Low
496,73,70,High
497,95,69,Mid
498,50,65,Low
499,74,61,Low
500,94,68,Mid
501,96,74,High
502,83,67,Mid
503,91,70,High
504,66,59,Low
505,64,64,Low
506,52,66,Low
507,75,63,Mid
508,73,61,Low
509,69,68,Low
510,56,65,Low
511,62,69,Low
512,60,68,Low
513,97,69,Mid
514,98,67,Mid
515,50,70,Low
516,59,68,Low
517,94,67,Mid
518,52,67,Low
519,97,75,High
520,69,63,Low
521,77,70,High
522,88,70,High
523,62,64,Low
524,55,59,Low
525,90,63,Mid
526,99,67,Mid
527,83,68,Mid
528,91,68,Mid
529,97,97,High
530,61,66,Low
531,68,61,Low
532,61,70,Low
533,53,65,Low
534,87,64,Mid
535,57,69,Low
536,55,64,Low
537,68,61,Low
538,53,64,Low
539,59,68,Low
540,53,67,Low
541,94,62,Mid
542,89,66,Mid
543,93,72,High
544,93,68,Mid
545,97,71,High
546,59,65,Low
547,95,68,Mid
548,76,65,Mid
549,58,64,Low
550,83,65,Mid
551,66,65,Low
552,52,73,Low
553,54,72,Low
554,71,64,Low
555,91,69,Mid
556,66,69,Low
557,88,70,High
558,53,83,High
559,70,68,Low
560,56,84,High
561,93,75,High
562,98,67,Mid
563,66,69,Low
564,99,71,High
565,88,66,Mid
566,50,65,Low
567,74,70,High
568,92,66,Mid
569,77,74,High
570,77,66,Mid
571,72,68,Low
572,70,68,Low
573,51,62,Low
574,81,71,High
575,88,63,Mid
576,90,69,Mid
577,81,71,High
578,67,66,Low
579,51,64,Low
580,95,65,Mid
581,71,69,High
582,80,66,Mid
583,60,67,Low
584,57,65,Low
585,54,65,Low
586,90,67,Mid
587,82,66,Mid
588,81,69,High
589,96,64,Mid
590,58,70,Low
591,59,68,Low
592,59,68,Low
593,71,69,High
594,94,68,Mid
595,94,70,High
596,80,67,Mid
597,83,72,High
598,95,69,Mid
599,81,69,High
600,61,64,Low
601,85,63,Mid
602,88,70,High
603,82,70,High
604,64,66,Low
605,70,70,High
606,74,66,Low
607,57,68,Low
608,73,61,Low
609,58,72,Low
610,75,69,High
611,53,63,Low
612,97,72,High
613,62,65,Low
614,73,74,High
615,52,62,Low
616,60,65,Low
617,85,68,Mid
618,56,66,Low
619,81,71,High
620,50,62,Low
621,73,65,Low
622,86,68,Mid
623,96,70,High
624,75,67,Mid
625,92,63,Mid
626,90,63,Mid
627,65,69,Low
628,94,66,Mid
629,82,70,High
630,55,63,Low
631,97,72,High
632,59,65,Low
633,74,67,Low
634,73,63,Low
635,81,65,Mid
636,83,67,Mid
637,62,80,High
638,68,68,Low
639,57,63,Low
640,56,64,Low
641,91,73,High
642,88,66,Mid
643,72,66,Low
644,55,66,Low
645,72,69,High
646,65,59,Low
647,89,68,Mid
648,55,67,Low
649,73,64,Low
650,80,65,Mid
651,99,68,Mid
652,54,70,Low
653,56,62,Low
654,99,72,High
655,70,62,Low
656,87,68,Mid
657,89,69,Mid
658,66,73,High
659,61,69,Low
660,64,67,Low
661,88,65,Mid
662,92,63,Mid
663,85,66,Mid
664,72,66,Low
665,63,70,Low
666,71,69,High
667,96,70,High
668,93,58,Mid
669,66,67,Low
670,66,73,High
671,89,66,Mid
672,71,70,High
673,79,67,Mid
674,71,60,Low
675,62,65,Low
676,59,63,Low
677,57,72,Low
678,51,62,Low
679,64,70,Low
680,59,70,Low
681,63,64,Low
682,54,64,Low
683,67,67,Low
684,76,64,Mid
685,97,72,High
686,67,66,Low
687,52,66,Low
688,68,71,High
689,91,66,Mid
690,67,64,Low
691,65,66,Low
692,96,62,Mid
693,65,70,Low
694,99,69,Mid
695,92,65,Mid
696,84,70,High
697,80,70,High
698,61,67,Low
699,87,69,High
700,67,62,Low
701,74,67,Low
702,55,65,Low
703,65,65,Low
704,76,65,Mid
705,73,69,High
706,67,63,Low
707,74,66,Low
708,87,67,Mid
709,73,69,High
710,75,67,Mid
711,85,70,High
712,92,67,Mid
713,76,70,High
714,97,65,Mid
715,68,63,Low
716,63,64,Low
717,85,69,High
718,59,60,Low
719,95,69,Mid
720,69,72,High
721,85,63,Mid
722,79,63,Mid
723,53,66,Low
724,85,70,High
725,90,68,Mid
726,99,69,Mid
727,71,72,High
728,75,67,Mid
729,94,68,Mid
730,63,70,Low
731,59,68,Low
732,57,69,Low
733,99,68,Mid
734,64,66,Low
735,88,72,High
736,72,67,Low
737,62,70,Low
738,96,73,High
739,73,73,High
740,78,60,Mid
741,61,67,Low
742,66,69,Low
743,87,65,Mid
744,67,70,High
745,75,68,Mid
746,56,66,Low
747,93,65,Mid
748,87,64,Mid
749,88,67,Mid
750,59,65,Low
751,75,64,Mid
752,51,67,Low
753,66,70,Low
754,67,63,Low
755,96,71,High
756,100,68,Mid
757,81,67,Mid
758,76,67,Mid
759,72,68,Low
760,51,66,Low
761,90,68,Mid
762,84,70,High
763,82,67,Mid
764,90,67,Mid
765,96,62,Mid
766,69,67,Low
767,71,70,High
768,99,72,High
769,83,70,High
770,93,94,High
771,61,66,Low
772,66,69,Low
773,70,68,Low
774,66,71,High
775,94,69,Mid
776,76,67,Mid
777,98,64,Mid
778,66,63,Low
779,52,66,Low
780,57,66,Low
781,61,69,Low
782,82,64,Mid
783,59,62,Low
784,69,66,Low
785,90,70,High
786,56,67,Low
787,54,68,Low
788,77,67,Mid
789,85,62,Mid
790,96,67,Mid
791,83,68,Mid
792,97,64,Mid
793,62,64,Low
794,67,66,Low
795,92,72,High
796,91,72,High
797,83,66,Mid
798,75,72,High
799,51,69,Low
800,64,72,High
801,58,60,Low
802,53,69,Low
803,89,68,Mid
804,57,69,Low
805,68,62,Low
806,99,71,High
807,70,70,High
808,57,68,Low
809,84,68,Mid
810,90,70,High
811,64,65,Low
812,90,73,High
813,64,66,Low
814,85,71,High
815,56,62,Low
816,71,68,Low
817,76,70,High
818,86,68,Mid
819,83,71,High
820,93,70,High
821,59,72,High
822,83,69,High
823,56,63,Low
824,74,62,Low
825,76,68,Mid
826,51,70,Low
827,54,69,Low
828,92,68,Mid
829,64,65,Low
830,67,59,Low
831,82,66,Mid
832,61,64,Low
833,60,63,Low
834,71,72,High
835,53,67,Low
836,96,94,High
837,97,70,High
838,72,66,Low
839,60,69,Low
840,74,64,Low
841,55,63,Low
842,70,71,High
843,54,65,Low
844,85,68,Mid
845,64,64,Low
846,76,64,Mid
847,51,66,Low
848,76,68,Mid
849,50,67,Low
850,96,66,Mid
851,75,68,Mid
852,55,66,Low
853,67,71,High
854,52,71,Low
855,77,68,Mid
856,56,64,Low
857,74,67,Low
858,65,64,Low
859,88,68,Mid
860,74,62,Low
861,92,64,Mid
862,97,70,High
863,98,68,Mid
864,63,69,Low
865,88,65,Mid
866,72,67,Low
867,71,65,Low
868,93,71,High
869,57,65,Low
870,74,66,Low
871,80,65,Mid
872,53,65,Low
873,93,68,Mid
874,66,68,Low
875,83,67,Mid
876,96,65,Mid
877,86,66,Mid
878,94,63,Mid
879,53,70,Low
880,75,72,High
881,78,67,Mid
882,84,67,Mid
883,56,66,Low
884,83,66,Mid
885,57,69,Low
886,53,62,Low
887,73,66,Low
888,80,64,Mid
889,98,67,Mid
890,85,71,High
891,80,73,High
892,61,68,Low
893,58,66,Low
894,80,75,High
895,61,72,High
896,85,68,Mid
897,56,68,Low
898,67,69,Low
899,89,63,Mid
900,92,70,High
901,67,66,Low
902,60,66,Low
903,98,72,High
904,88,71,High
905,90,72,High
906,61,69,Low
907,71,71,High
908,53,69,Low
909,55,68,Low
910,61,61,Low
911,65,68,Low
912,100,72,High
913,71,70,High
914,85,73,High
915,95,67,Mid
916,62,65,Low
917,57,68,Low
918,62,65,Low
919,94,97,High
920,83,66,Mid
921,73,67,Low
922,91,70,High
923,62,66,Low
924,62,69,Low
925,78,62,Mid
926,90,68,Mid
927,63,67,Low
928,61,68,Low
929,74,69,High
930,57,62,Low
931,87,75,High
932,79,65,Mid
933,76,63,Mid
934,94,66,Mid
935,87,71,High
936,57,66,Low
937,71,66,Low
938,66,66,Low
939,90,71,High
940,86,68,Mid
941,74,71,High
942,91,68,Mid
943,71,68,Low
944,90,68,Mid
945,52,62,Low
946,57,65,Low
947,88,71,High
948,56,63,Low
949,84,68,Mid
950,86,69,High
951,83,69,High
952,91,71,High
953,76,71,High
954,95,62,Mid
955,78,70,High
956,75,70,High
957,75,73,High
958,96,71,High
959,62,69,Low
960,85,66,Mid
961,62,65,Low
962,55,71,Low
963,98,68,Mid
964,56,64,Low
965,84,71,High
966,71,67,Low
967,92,66,Mid
968,89,71,High
969,57,62,Low
970,73,67,Low
971,51,67,Low
972,71,66,Low
973,85,64,Mid
974,62,62,Low
975,91,65,Mid
976,53,63,Low
977,52,64,Low
978,51,65,Low
979,64,68,Low
980,73,72,High
981,55,64,Low
982,100,62,Mid
983,100,69,Mid
984,76,64,Mid
985,78,61,Mid
986,96,72,High
987,88,66,Mid
988,58,69,Low
989,90,65,Mid
990,62,64,Low
991,72,62,Low
992,77,66,Mid
993,86,62,Mid
994,58,66,Low
995,54,70,Low
996,93,75,High
997,91,67,Mid
998,76,66,Mid
999,83,71,High
1000,86,75,High
1001,74,72,High
1002,63,64,Low
1003,74,65,Low
1004,98,67,Mid
1005,92,63,Mid
1006,73,62,Low
1007,61,69,Low
1008,94,70,High
1009,82,63,Mid
1010,70,71,High
1011,56,63,Low
1012,88,71,High
1013,66,63,Low
1014,80,68,Mid
1015,78,65,Mid
1016,85,66,Mid
1017,77,66,Mid
1018,82,66,Mid
1019,54,65,Low
1020,83,66,Mid
1021,60,67,Low
1022,70,68,Low
1023,76,68,Mid
1024,84,69,High
1025,87,64,Mid
1026,85,67,Mid
1027,55,63,Low
1028,69,67,Low
1029,64,64,Low
1030,70,66,Low
1031,82,65,Mid
1032,60,68,Low
1033,75,66,Mid
1034,94,71,High
1035,87,74,High
1036,86,65,Mid
1037,92,68,Mid
1038,70,68,Low
1039,88,72,High
1040,53,74,High
1041,53,61,Low
1042,67,65,Low
1043,60,63,Low
1044,76,66,Mid
1045,59,66,Low
1046,99,73,High
1047,93,63,Mid
1048,99,68,Mid
1049,90,73,High
1050,98,63,Mid
1051,68,65,Low
1052,75,66,Mid
1053,62,65,Low
1054,82,66,Mid
1055,89,65,Mid
1056,75,70,High
1057,65,70,Low
1058,75,68,Mid
1059,53,64,Low
1060,86,68,Mid
1061,73,62,Low
1062,95,68,Mid
1063,96,61,Mid
1064,56,69,Low
1065,100,65,Mid
1066,98,65,Mid
1067,81,72,High
1068,91,70,High
1069,51,65,Low
1070,99,69,Mid
1071,73,65,Low
1072,95,69,Mid
1073,69,65,Low
1074,89,72,High
1075,71,70,High
1076,68,64,Low
1077,97,67,Mid
1078,85,69,High
1079,92,70,High
1080,77,65,Mid
1081,96,69,Mid
1082,87,74,High
1083,54,66,Low
1084,88,72,High
1085,51,67,Low
1086,91,75,High
1087,67,70,High
1088,80,63,Mid
1089,87,65,Mid
1090,82,64,Mid
1091,84,65,Mid
1092,95,70,High
1093,69,67,Low
1094,77,67,Mid
1095,59,68,Low
1096,73,65,Low
1097,58,61,Low
1098,82,63,Mid
1099,66,80,High
1100,93,69,Mid
1101,67,55,Low
1102,64,70,Low
1103,75,65,Mid
1104,59,68,Low
1105,60,64,Low
1106,89,69,Mid
1107,75,89,High
1108,60,67,Low
1109,52,92,High
1110,73,67,Low
1111,87,70,High
1112,68,68,Low
1113,62,70,Low
1114,70,67,Low
1115,98,69,Mid
1116,71,67,Low
1117,63,69,Low
1118,78,63,Mid
1119,91,69,Mid
1120,51,66,Low
1121,78,68,Mid
1122,92,69,Mid
1123,61,66,Low
1124,96,72,High
1125,79,62,Mid
1126,76,67,Mid
1127,98,67,Mid
1128,56,67,Low
1129,87,65,Mid
1130,91,67,Mid
1131,74,66,Low
1132,50,70,Low
1133,76,71,High
1134,58,64,Low
1135,78,69,High
1136,87,72,High
1137,77,60,Mid
1138,82,71,High
1139,55,71,Low
1140,55,66,Low
1141,93,74,High
1142,52,64,Low
1143,64,68,Low
1144,97,66,Mid
1145,73,65,Low
1146,84,64,Mid
1147,61,65,Low
1148,64,69,Low
1149,75,68,Mid
1150,82,62,Mid
1151,98,63,Mid
1152,79,65,Mid
1153,55,62,Low
1154,68,67,Low
1155,62,64,Low
1156,63,61,Low
1157,75,65,Mid
1158,66,67,Low
1159,64,70,Low
1160,98,59,Mid
1161,79,75,High
1162,63,67,Low
1163,64,64,Low
1164,91,72,High
1165,94,76,High
1166,84,69,High
1167,72,65,Low
1168,88,72,High
1169,97,69,Mid
1170,58,71,Low
1171,93,64,Mid
1172,92,74,High
1173,68,68,Low
1174,65,66,Low
1175,78,65,Mid
1176,64,67,Low
1177,57,69,Low
1178,98,66,Mid
1179,75,69,High
1180,74,67,Low
1181,56,64,Low
1182,75,67,Mid
1183,87,61,Mid
1184,62,61,Low
1185,68,68,Low
1186,59,66,Low
1187,68,66,Low
1188,93,68,Mid
1189,62,63,Low
1190,51,66,Low
1191,77,66,Mid
1192,79,66,Mid
1193,66,65,Low
1194,82,69,High
1195,52,71,Low
1196,67,66,Low
1197,57,66,Low
1198,61,65,Low
1199,69,71,High
1200,75,69,High
1201,55,61,Low
1202,55,70,Low
1203,84,70,High
1204,70,65,Low
1205,59,64,Low
1206,62,68,Low
1207,86,63,Mid
1208,53,63,Low
1209,75,71,High
1210,68,58,Low
1211,91,68,Mid
1212,90,65,Mid
1213,84,65,Mid
1214,69,68,Low
1215,82,69,High
1216,82,71,High
1217,67,65,Low
1218,94,64,Mid
1219,99,75,High
1220,66,67,Low
1221,90,68,Mid
1222,75,72,High
1223,73,67,Low
1224,69,72,High
1225,65,69,Low
1226,96,68,Mid
1227,87,70,High
1228,72,69,High
1229,88,67,Mid
1230,86,63,Mid
1231,63,61,Low
1232,59,66,Low
1233,92,73,High
1234,91,67,Mid
1235,100,72,High
1236,51,69,Low
1237,77,69,High
1238,85,63,Mid
1239,79,67,Mid
1240,86,63,Mid
1241,57,66,Low
1242,50,62,Low
1243,55,68,Low
1244,69,65,Low
1245,66,59,Low
1246,94,72,High
1247,54,63,Low
1248,72,68,Low
1249,98,61,Mid
1250,75,65,Mid
1251,57,68,Low
1252,65,61,Low
1253,81,63,Mid
1254,51,67,Low
1255,98,66,Mid
1256,78,75,High
1257,85,68,Mid
1258,75,65,Mid
1259,98,64,Mid
1260,79,67,Mid
1261,83,64,Mid
1262,93,67,Mid
1263,93,63,Mid
1264,51,67,Low
1265,64,65,Low
1266,62,70,Low
1267,50,62,Low
1268,94,69,Mid
1269,66,70,Low
1270,67,68,Low
1271,55,68,Low
1272,99,64,Mid
1273,91,63,Mid
1274,79,68,Mid
1275,89,67,Mid
1276,89,68,Mid
1277,83,66,Mid
1278,59,67,Low
1279,86,69,High
1280,78,68,Mid
1281,86,70,High
1282,77,68,Mid
1283,98,66,Mid
1284,81,67,Mid
1285,79,65,Mid
1286,92,67,Mid
1287,69,63,Low
1288,66,64,Low
1289,75,64,Mid
1290,79,66,Mid
1291,61,68,Low
1292,84,67,Mid
1293,90,72,High
1294,79,67,Mid
1295,76,66,Mid
1296,65,66,Low
1297,95,67,Mid
1298,88,65,Mid
1299,74,70,High
1300,83,69,High
1301,67,69,Low
1302,53,66,Low
1303,60,66,Low
1304,54,67,Low
1305,75,67,Mid
1306,81,67,Mid
1307,69,72,High
1308,77,68,Mid
1309,54,70,Low
1310,88,69,Mid
1311,52,65,Low
1312,82,72,High
1313,72,69,High
1314,59,68,Low
1315,76,62,Mid
1316,89,60,Mid
1317,71,67,Low
1318,68,67,Low
1319,57,67,Low
1320,80,63,Mid
1321,91,71,High
1322,78,66,Mid
1323,58,65,Low
1324,83,69,High
1325,52,63,Low
1326,92,64,Mid
1327,96,67,Mid
1328,80,62,Mid
1329,94,68,Mid
1330,54,71,Low
1331,61,66,Low
1332,66,69,Low
1333,89,71,High
1334,74,66,Low
1335,67,72,High
1336,58,70,Low
1337,91,65,Mid
1338,51,64,Low
1339,67,63,Low
1340,62,63,Low
1341,56,66,Low
1342,59,68,Low
1343,75,74,High
1344,71,71,High
1345,76,67,Mid
1346,86,66,Mid
1347,95,67,Mid
1348,56,62,Low
1349,54,68,Low
1350,66,62,Low
1351,77,82,High
1352,55,70,Low
1353,86,72,High
1354,78,64,Mid
1355,87,66,Mid
1356,68,68,Low
1357,70,64,Low
1358,90,61,Mid
1359,63,69,Low
1360,69,68,Low
1361,51,64,Low
1362,78,67,Mid
1363,93,67,Mid
1364,51,65,Low
1365,81,68,Mid
1366,92,67,Mid
1367,75,67,Mid
1368,66,64,Low
1369,100,70,High
1370,53,69,Low
1371,61,66,Low
1372,94,69,Mid
1373,65,66,Low
1374,91,73,High
1375,67,66,Low
1376,91,69,Mid
1377,84,70,High
1378,73,71,High
1379,76,70,High
1380,59,69,Low
1381,56,63,Low
1382,86,71,High
1383,92,67,Mid
1384,86,73,High
1385,96,68,Mid
1386,95,69,Mid
1387,89,76,High
1388,95,68,Mid
1389,58,65,Low
1390,87,66,Mid
1391,88,65,Mid
1392,58,69,Low
1393,95,71,High
1394,50,66,Low
1395,72,69,High
1396,51,59,Low
1397,76,65,Mid
1398,71,72,High
1399,81,60,Mid
1400,88,64,Mid
1401,88,69,Mid
1402,86,70,High
1403,55,67,Low
1404,71,67,Low
1405,91,64,Mid
1406,83,68,Mid
1407,84,72,High
1408,61,65,Low
1409,66,70,Low
1410,98,75,High
1411,92,65,Mid
1412,58,63,Low
1413,77,71,High
1414,75,66,Mid
1415,72,69,High
1416,74,68,Low
1417,82,71,High
1418,98,77,High
1419,94,70,High
1420,94,66,Mid
1421,85,73,High
1422,51,62,Low
1423,72,65,Low
1424,76,71,High
1425,92,66,Mid
1426,96,72,High
1427,73,64,Low
1428,65,63,Low
1429,67,63,Low
1430,79,72,High
1431,64,71,High
1432,96,72,High
1433,71,65,Low
1434,100,67,Mid
1435,55,68,Low
1436,59,66,Low
1437,76,72,High
1438,93,71,High
1439,68,70,High
1440,92,68,Mid
1441,71,72,High
1442,93,66,Mid
1443,64,69,Low
1444,74,65,Low
1445,64,62,Low
1446,61,69,Low
1447,71,65,Low
1448,67,69,Low
1449,89,69,Mid
1450,87,73,High
1451,68,75,High
1452,100,70,High
1453,99,74,High
1454,96,65,Mid
1455,79,63,Mid
1456,71,74,High
1457,66,67,Low
1458,51,71,Low
1459,82,68,Mid
1460,78,69,High
1461,81,71,High
1462,79,66,Mid
1463,57,65,Low
1464,85,66,Mid
1465,68,65,Low
1466,76,67,Mid
1467,68,70,High
1468,51,63,Low
1469,94,64,Mid
1470,57,71,Low
1471,79,68,Mid
1472,94,72,High
1473,61,71,Low
1474,71,64,Low
1475,69,64,Low
1476,54,66,Low
1477,71,68,Low
1478,74,68,Low
1479,51,65,Low
1480,74,67,Low
1481,55,64,Low
1482,95,70,High
1483,83,65,Mid
1484,53,65,Low
1485,91,68,Mid
1486,68,61,Low
1487,61,63,Low
1488,63,65,Low
1489,80,69,High
1490,54,64,Low
1491,53,69,Low
1492,81,67,Mid
1493,99,74,High
1494,74,66,Low
1495,71,72,High
1496,97,73,High
1497,62,73,High
1498,62,63,Low
1499,95,69,Mid
1500,82,71,High
1501,53,63,Low
1502,84,69,High
1503,91,72,High
1504,64,68,Low
1505,69,62,Low
1506,60,68,Low
1507,82,71,High
1508,83,67,Mid
1509,53,65,Low
1510,84,60,Mid
1511,83,68,Mid
1512,52,59,Low
1513,78,64,Mid
1514,81,71,High
1515,72,68,Low
1516,95,70,High
1517,66,62,Low
1518,53,62,Low
1519,84,68,Mid
1520,80,68,Mid
1521,99,74,High
1522,62,61,Low
1523,70,67,Low
1524,73,65,Low
1525,93,101,High
1526,71,65,Low
1527,89,67,Mid
1528,58,61,Low
1529,70,64,Low
1530,58,64,Low
1531,97,67,Mid
1532,59,69,Low
1533,71,69,High
1534,54,67,Low
1535,96,62,Mid
1536,81,66,Mid
1537,98,72,High
1538,52,67,Low
1539,59,66,Low
1540,69,67,Low
1541,81,67,Mid
1542,66,68,Low
1543,86,63,Mid
1544,58,62,Low
1545,80,65,Mid
1546,70,65,Low
1547,75,70,High
1548,78,73,High
1549,53,73,Low
1550,96,68,Mid
1551,89,63,Mid
1552,72,62,Low
1553,77,69,High
1554,52,66,Low
1555,75,68,Mid
1556,71,67,Low
1557,69,65,Low
1558,91,70,High
1559,59,64,Low
1560,59,65,Low
1561,76,67,Mid
1562,84,62,Mid
1563,51,66,Low
1564,77,68,Mid
1565,65,64,Low
1566,88,69,Mid
1567,73,69,High
1568,92,67,Mid
1569,70,61,Low
1570,91,70,High
1571,86,65,Mid
1572,91,66,Mid
1573,91,66,Mid
1574,74,69,High
1575,68,67,Low
1576,88,71,High
1577,68,68,Low
1578,54,67,Low
1579,93,63,Mid
1580,70,64,Low
1581,57,73,High
1582,82,69,High
1583,94,65,Mid
1584,93,70,High
1585,78,67,Mid
1586,54,67,Low
1587,85,70,High
1588,80,69,High
1589,61,68,Low
1590,95,66,Mid
1591,54,62,Low
1592,69,67,Low
1593,55,71,Low
1594,96,68,Mid
1595,52,66,Low
1596,71,64,Low
1597,93,71,High
1598,63,61,Low
1599,55,67,Low
1600,56,65,Low
1601,70,66,Low
1602,71,68,Low
1603,86,66,Mid
1604,62,63,Low
1605,85,66,Mid
1606,100,73,High
1607,93,88,High
1608,82,67,Mid
1609,97,69,Mid
1610,100,67,Mid
1611,79,64,Mid
1612,64,64,Low
1613,96,65,Mid
1614,92,68,Mid
1615,54,77,High
1616,97,63,Mid
1617,68,69,Low
1618,66,69,Low
1619,67,70,High
1620,66,73,High
1621,76,66,Mid
1622,79,71,High
1623,71,66,Low
1624,71,71,High
1625,87,66,Mid
1626,50,63,Low
1627,97,70,High
1628,86,66,Mid
1629,85,66,Mid
1630,71,66,Low
1631,98,62,Mid
1632,50,69,Low
1633,54,63,Low
1634,90,68,Mid
1635,87,64,Mid
1636,64,69,Low
1637,80,71,High
1638,77,71,High
1639,76,66,Mid
1640,80,63,Mid
1641,100,72,High
1642,99,70,High
1643,99,71,High
1644,77,65,Mid
1645,66,65,Low
1646,78,67,Mid
1647,81,68,Mid
1648,66,70,Low
1649,82,70,High
1650,81,72,High
1651,95,65,Mid
1652,62,65,Low
1653,85,71,High
1654,73,74,High
1655,56,64,Low
1656,66,64,Low
1657,53,65,Low
1658,66,67,Low
1659,53,73,Low
1660,96,72,High
1661,55,65,Low
1662,91,67,Mid
1663,95,66,Mid
1664,73,70,High
1665,53,66,Low
1666,80,66,Mid
1667,62,68,Low
1668,59,68,Low
1669,78,67,Mid
1670,68,65,Low
1671,87,64,Mid
1672,80,70,High
1673,91,63,Mid
1674,53,65,Low
1675,62,67,Low
1676,78,71,High
1677,94,73,High
1678,91,67,Mid
1679,84,72,High
1680,79,71,High
1681,82,72,High
1682,61,68,Low
1683,80,65,Mid
1684,75,68,Mid
1685,69,67,Low
1686,94,66,Mid
1687,91,64,Mid
1688,54,65,Low
1689,99,69,Mid
1690,61,68,Low
1691,61,69,Low
1692,97,70,High
1693,72,65,Low
1694,90,63,Mid
1695,64,71,High
1696,94,68,Mid
1697,92,70,High
1698,76,72,High
1699,85,64,Mid
1700,98,64,Mid
1701,73,66,Low
1702,75,69,High
1703,86,71,High
1704,69,69,Low
1705,98,67,Mid
1706,52,66,Low
1707,70,71,High
1708,86,63,Mid
1709,71,62,Low
1710,63,73,High
1711,71,66,Low
1712,94,72,High
1713,77,67,Mid
1714,67,65,Low
1715,84,66,Mid
1716,81,68,Mid
1717,78,69,High
1718,70,68,Low
1719,54,61,Low
1720,81,68,Mid
1721,71,64,Low
1722,71,67,Low
1723,62,68,Low
1724,62,61,Low
1725,89,66,Mid
1726,74,64,Low
1727,55,67,Low
1728,52,64,Low
1729,61,72,High
1730,74,62,Low
1731,81,63,Mid
1732,57,70,Low
1733,72,69,High
1734,54,64,Low
1735,52,66,Low
1736,93,67,Mid
1737,83,71,High
1738,89,70,High
1739,59,69,Low
1740,66,68,Low
1741,72,64,Low
1742,83,70,High
1743,77,69,High
1744,78,63,Mid
1745,58,60,Low
1746,74,65,Low
1747,91,67,Mid
1748,75,66,Mid
1749,60,68,Low
1750,71,58,Low
1751,88,67,Mid
1752,57,68,Low
1753,79,62,Mid
1754,98,69,Mid
1755,69,73,High
1756,52,66,Low
1757,82,67,Mid
1758,52,71,Low
1759,60,66,Low
1760,52,74,High
1761,59,67,Low
1762,93,68,Mid
1763,87,61,Mid
1764,67,69,Low
1765,95,65,Mid
1766,83,71,High
1767,72,61,Low
1768,53,70,Low
1769,87,70,High
1770,69,69,Low
1771,65,70,Low
1772,64,67,Low
1773,50,63,Low
1774,87,70,High
1775,57,61,Low
1776,76,64,Mid
1777,51,65,Low
1778,81,65,Mid
1779,68,66,Low
1780,82,66,Mid
1781,54,63,Low
1782,63,66,Low
1783,56,64,Low
1784,82,65,Mid
1785,55,62,Low
1786,81,71,High
1787,57,63,Low
1788,97,70,High
1789,71,70,High
1790,56,65,Low
1791,52,66,Low
1792,66,66,Low
1793,95,68,Mid
1794,57,68,Low
1795,90,69,Mid
1796,71,71,High
1797,90,69,Mid
1798,94,68,Mid
1799,100,67,Mid
1800,53,72,Low
1801,90,68,Mid
1802,53,60,Low
1803,66,68,Low
1804,82,65,Mid
1805,72,67,Low
1806,78,70,High
1807,98,70,High
1808,91,61,Mid
1809,68,68,Low
1810,80,67,Mid
1811,52,62,Low
1812,73,66,Low
1813,80,69,High
1814,86,66,Mid
1815,95,64,Mid
1816,64,66,Low
1817,95,63,Mid
1818,83,62,Mid
1819,54,65,Low
1820,69,68,Low
1821,74,65,Low
1822,68,63,Low
1823,56,68,Low
1824,78,72,High
1825,57,69,Low
1826,96,66,Mid
1827,93,68,Mid
1828,74,64,Low
1829,53,61,Low
1830,78,67,Mid
1831,80,68,Mid
1832,94,74,High
1833,53,67,Low
1834,85,64,Mid
1835,78,69,High
1836,59,63,Low
1837,56,67,Low
1838,85,65,Mid
1839,67,67,Low
1840,100,68,Mid
1841,95,62,Mid
1842,78,70,High
1843,82,67,Mid
1844,58,89,High
1845,95,65,Mid
1846,73,69,High
1847,76,64,Mid
1848,94,74,High
1849,50,64,Low
1850,75,64,Mid
1851,81,67,Mid
1852,58,63,Low
1853,53,68,Low
1854,77,66,Mid
1855,77,68,Mid
1856,67,68,Low
1857,94,69,Mid
1858,65,71,High
1859,76,65,Mid
1860,59,67,Low
1861,51,65,Low
1862,71,65,Low
1863,76,80,High
1864,88,74,High
1865,72,59,Low
1866,64,69,Low
1867,80,66,Mid
1868,69,66,Low
1869,62,65,Low
1870,96,67,Mid
1871,77,69,High
1872,60,68,Low
1873,84,73,High
1874,90,71,High
1875,88,67,Mid
1876,80,67,Mid
1877,76,66,Mid
1878,89,63,Mid
1879,85,65,Mid
1880,79,67,Mid
1881,83,69,High
1882,58,67,Low
1883,51,66,Low
1884,97,74,High
1885,97,69,Mid
1886,89,66,Mid
1887,69,69,Low
1888,58,63,Low
1889,68,65,Low
1890,86,64,Mid
1891,67,64,Low
1892,90,69,Mid
1893,84,73,High
1894,81,62,Mid
1895,97,62,Mid
1896,95,68,Mid
1897,86,66,Mid
1898,60,68,Low
1899,97,66,Mid
1900,61,69,Low
1901,69,62,Low
1902,91,68,Mid
1903,60,67,Low
1904,82,65,Mid
1905,73,69,High
1906,81,67,Mid
1907,98,64,Mid
1908,90,62,Mid
1909,65,71,High
1910,53,72,Low
1911,98,74,High
1912,79,66,Mid
1913,59,72,High
1914,81,65,Mid
1915,52,67,Low
1916,59,70,Low
1917,82,62,Mid
1918,70,66,Low
1919,66,65,Low
1920,83,70,High
1921,93,69,Mid
1922,84,70,High
1923,73,66,Low
1924,83,73,High
1925,85,69,High
1926,89,66,Mid
1927,65,65,Low
1928,56,70,Low
1929,84,70,High
1930,56,67,Low
1931,73,68,Low
1932,62,68,Low
1933,67,61,Low
1934,74,70,High
1935,95,65,Mid
1936,84,66,Mid
1937,59,67,Low
1938,94,69,Mid
1939,75,69,High
1940,60,67,Low
1941,76,66,Mid
1942,60,63,Low
1943,68,67,Low
1944,90,64,Mid
1945,83,68,Mid
1946,74,65,Low
1947,61,65,Low
1948,64,65,Low
1949,99,70,High
1950,67,62,Low
1951,81,68,Mid
1952,75,62,Mid
1953,51,68,Low
1954,97,72,High
1955,54,70,Low
1956,83,62,Mid
1957,91,79,High
1958,87,73,High
1959,90,68,Mid
1960,87,68,Mid
1961,72,69,High
1962,95,63,Mid
1963,96,74,High
1964,72,69,High
1965,74,61,Low
1966,74,69,High
1967,64,64,Low
1968,56,63,Low
1969,63,68,Low
1970,92,72,High
1971,77,65,Mid
1972,93,69,Mid
1973,87,70,High
1974,67,63,Low
1975,59,62,Low
1976,78,72,High
1977,97,69,Mid
1978,92,66,Mid
1979,88,71,High
1980,88,62,Mid
1981,76,68,Mid
1982,58,63,Low
1983,64,66,Low
1984,79,75,High
1985,66,69,Low
1986,89,68,Mid
1987,69,69,Low
1988,56,67,Low
1989,89,73,High
1990,85,71,High
1991,63,71,High
1992,99,68,Mid
1993,70,70,High
1994,84,71,High
1995,96,69,Mid
1996,58,63,Low
1997,94,71,High
1998,85,69,High
1999,58,71,Low
2000,83,68,Mid
2001,94,68,Mid
2002,90,66,Mid
2003,88,67,Mid
2004,58,59,Low
2005,60,66,Low
2006,77,64,Mid
2007,79,64,Mid
2008,97,69,Mid
2009,73,69,High
2010,65,61,Low
2011,60,62,Low
2012,53,61,Low
2013,53,63,Low
2014,79,71,High
2015,59,65,Low
2016,93,68,Mid
2017,80,67,Mid
2018,93,70,High
2019,71,64,Low
2020,80,71,High
2021,76,71,High
2022,99,67,Mid
2023,90,63,Mid
2024,80,66,Mid
2025,80,70,High
2026,62,70,Low
2027,87,67,Mid
2028,99,69,Mid
2029,56,66,Low
2030,82,67,Mid
2031,76,65,Mid
2032,93,72,High
2033,50,68,Low
2034,57,72,Low
2035,52,76,High
2036,58,65,Low
2037,85,68,Mid
2038,57,65,Low
2039,81,66,Mid
2040,93,63,Mid
2041,52,63,Low
2042,51,66,Low
2043,99,69,Mid
2044,84,72,High
2045,57,66,Low
2046,65,64,Low
2047,99,67,Mid
2048,61,67,Low
2049,88,66,Mid
2050,62,68,Low
2051,70,65,Low
2052,94,71,High
2053,51,71,Low
2054,65,62,Low
2055,74,69,High
2056,81,65,Mid
2057,51,70,Low
2058,71,66,Low
2059,67,70,High
2060,51,70,Low
2061,68,69,Low
2062,97,71,High
2063,64,69,Low
2064,79,73,High
2065,65,65,Low
2066,55,62,Low
2067,64,67,Low
2068,74,65,Low
2069,65,65,Low
2070,81,70,High
2071,97,70,High
2072,53,71,Low
2073,86,71,High
2074,50,62,Low
2075,50,65,Low
2076,57,84,High
2077,74,68,Low
2078,52,70,Low
2079,86,68,Mid
2080,51,67,Low
2081,75,69,High
2082,84,68,Mid
2083,62,59,Low
2084,79,67,Mid
2085,63,63,Low
2086,61,65,Low
2087,91,63,Mid
2088,67,64,Low
2089,91,72,High
2090,61,63,Low
2091,68,66,Low
2092,55,67,Low
2093,75,66,Mid
2094,69,66,Low
2095,50,68,Low
2096,73,66,Low
2097,54,68,Low
2098,92,65,Mid
2099,75,67,Mid
2100,85,64,Mid
2101,91,59,Mid
2102,53,60,Low
2103,67,65,Low
2104,51,64,Low
2105,52,66,Low
2106,52,65,Low
2107,74,69,High
2108,73,66,Low
2109,53,65,Low
2110,63,62,Low
2111,62,60,Low
2112,65,68,Low
2113,82,64,Mid
2114,85,73,High
2115,67,64,Low
2116,89,69,Mid
2117,71,63,Low
2118,76,65,Mid
2119,57,65,Low
2120,62,67,Low
2121,86,67,Mid
2122,99,66,Mid
2123,85,68,Mid
2124,53,65,Low
2125,57,66,Low
2126,72,66,Low
2127,87,69,High
2128,58,70,Low
2129,88,71,High
2130,78,70,High
2131,89,68,Mid
2132,78,73,High
2133,80,68,Mid
2134,62,66,Low
2135,86,67,Mid
2136,92,66,Mid
2137,94,69,Mid
2138,51,67,Low
2139,81,61,Mid
2140,99,70,High
2141,79,70,High
2142,59,70,Low
2143,94,64,Mid
2144,63,65,Low
2145,52,70,Low
2146,72,62,Low
2147,55,64,Low
2148,56,67,Low
2149,73,63,Low
2150,81,62,Mid
2151,95,72,High
2152,85,69,High
2153,92,72,High
2154,71,68,Low
2155,66,64,Low
2156,80,72,High
2157,85,73,High
2158,78,67,Mid
2159,63,64,Low
2160,68,65,Low
2161,72,67,Low
2162,51,68,Low
2163,94,72,High
2164,76,71,High
2165,88,66,Mid
2166,59,59,Low
2167,78,68,Mid
2168,96,64,Mid
2169,61,70,Low
2170,67,65,Low
2171,69,72,High
2172,69,66,Low
2173,80,68,Mid
2174,70,62,Low
2175,84,70,High
2176,74,70,High
2177,58,64,Low
2178,97,76,High
2179,62,67,Low
2180,78,69,High
2181,53,68,Low
2182,96,67,Mid
2183,96,69,Mid
2184,68,67,Low
2185,56,73,High
2186,88,71,High
2187,63,70,Low
2188,85,65,Mid
2189,96,73,High
2190,80,65,Mid
2191,93,73,High
2192,61,70,Low
2193,96,66,Mid
2194,61,66,Low
2195,61,64,Low
2196,94,68,Mid
2197,78,70,High
2198,90,72,High
2199,90,66,Mid
2200,82,74,High
2201,59,67,Low
2202,85,71,High
2203,53,60,Low
2204,60,68,Low
2205,82,69,High
2206,95,74,High
2207,89,71,High
2208,67,63,Low
2209,91,66,Mid
2210,98,65,Mid
2211,67,60,Low
2212,59,69,Low
2213,60,69,Low
2214,70,67,Low
2215,53,65,Low
2216,74,70,High
2217,87,71,High
2218,77,73,High
2219,99,70,High
2220,73,67,Low
2221,51,67,Low
2222,74,65,Low
2223,96,69,Mid
2224,55,65,Low
2225,61,68,Low
2226,86,74,High
2227,65,68,Low
2228,88,61,Mid
2229,71,67,Low
2230,90,66,Mid
2231,78,69,High
2232,54,62,Low
2233,69,71,High
2234,67,71,High
2235,91,72,High
2236,81,69,High
2237,89,67,Mid
2238,69,63,Low
2239,85,68,Mid
2240,53,69,Low
2241,52,65,Low
2242,64,70,Low
2243,89,65,Mid
2244,77,67,Mid
2245,70,72,High
2246,95,69,Mid
2247,75,69,High
2248,81,71,High
2249,99,67,Mid
2250,76,65,Mid
2251,89,70,High
2252,71,63,Low
2253,52,71,Low
2254,92,64,Mid
2255,97,69,Mid
2256,72,69,High
2257,75,70,High
2258,71,64,Low
2259,100,70,High
2260,95,74,High
2261,52,69,Low
2262,89,73,High
2263,80,66,Mid
2264,51,67,Low
2265,72,76,High
2266,57,61,Low
2267,94,68,Mid
2268,51,63,Low
2269,94,67,Mid
2270,97,66,Mid
2271,54,62,Low
2272,86,69,High
2273,77,67,Mid
2274,98,66,Mid
2275,90,63,Mid
2276,85,64,Mid
2277,96,64,Mid
2278,58,67,Low
2279,69,66,Low
2280,92,68,Mid
2281,55,62,Low
2282,97,68,Mid
2283,87,63,Mid
2284,72,62,Low
2285,67,72,High
2286,57,69,Low
2287,55,67,Low
2288,71,65,Low
2289,92,69,Mid
2290,77,72,High
2291,73,70,High
2292,66,91,High
2293,58,65,Low
2294,100,62,Mid
2295,51,65,Low
2296,66,67,Low
2297,88,67,Mid
2298,76,72,High
2299,66,60,Low
2300,100,69,Mid
2301,81,61,Mid
2302,65,70,Low
2303,92,68,Mid
2304,58,75,High
2305,73,75,High
2306,92,72,High
2307,99,66,Mid
2308,69,71,High
2309,57,70,Low
2310,78,63,Mid
2311,97,72,High
2312,83,65,Mid
2313,80,71,High
2314,65,65,Low
2315,80,69,High
2316,94,71,High
2317,69,68,Low
2318,62,66,Low
2319,74,60,Low
2320,69,68,Low
2321,73,67,Low
2322,55,71,Low
2323,67,74,High
2324,91,70,High
2325,70,63,Low
2326,98,64,Mid
2327,85,66,Mid
2328,68,64,Low
2329,63,69,Low
2330,84,71,High
2331,65,64,Low
2332,96,65,Mid
2333,56,69,Low
2334,51,68,Low
2335,61,68,Low
2336,80,68,Mid
2337,92,65,Mid
2338,59,65,Low
2339,79,66,Mid
2340,57,66,Low
2341,78,71,High
2342,51,68,Low
2343,78,65,Mid
2344,76,63,Mid
2345,52,66,Low
2346,84,71,High
2347,79,65,Mid
2348,81,68,Mid
2349,76,66,Mid
2350,86,64,Mid
2351,76,70,High
2352,96,70,High
2353,97,66,Mid
2354,86,70,High
2355,96,71,High
2356,96,70,High
2357,63,70,Low
2358,100,66,Mid
2359,63,64,Low
2360,51,66,Low
2361,98,68,Mid
2362,61,61,Low
2363,79,72,High
2364,99,66,Mid
2365,52,68,Low
2366,63,61,Low
2367,80,67,Mid
2368,88,66,Mid
2369,90,74,High
2370,94,66,Mid
2371,58,67,Low
2372,69,71,High
2373,86,66,Mid
2374,86,71,High
2375,65,72,High
2376,65,66,Low
2377,66,62,Low
2378,95,66,Mid
2379,95,69,Mid
2380,51,64,Low
2381,66,69,Low
2382,70,69,Low
2383,99,64,Mid
2384,97,68,Mid
2385,81,63,Mid
2386,52,64,Low
2387,60,69,Low
2388,72,71,High
2389,98,67,Mid
2390,55,67,Low
2391,90,66,Mid
2392,60,67,Low
2393,75,68,Mid
2394,88,69,Mid
2395,85,62,Mid
2396,89,66,Mid
2397,91,63,Mid
2398,65,67,Low
2399,68,68,Low
2400,91,66,Mid
2401,52,66,Low
2402,76,67,Mid
2403,96,66,Mid
2404,94,69,Mid
2405,90,72,High
2406,51,60,Low
2407,94,68,Mid
2408,96,72,High
2409,83,64,Mid
2410,65,65,Low
2411,74,76,High
2412,88,59,Mid
2413,91,67,Mid
2414,67,73,High
2415,66,64,Low
2416,87,67,Mid
2417,84,69,High
2418,76,69,High
2419,71,67,Low
2420,83,72,High
2421,52,86,High
2422,54,62,Low
2423,79,69,High
2424,61,68,Low
2425,89,99,High
2426,89,70,High
2427,85,68,Mid
2428,95,67,Mid
2429,57,66,Low
2430,63,66,Low
2431,63,62,Low
2432,89,72,High
2433,76,64,Mid
2434,63,68,Low
2435,57,66,Low
2436,95,68,Mid
2437,85,75,High
2438,76,67,Mid
2439,98,65,Mid
2440,92,68,Mid
2441,59,67,Low
2442,75,63,Mid
2443,74,67,Low
2444,92,67,Mid
2445,57,73,High
2446,73,67,Low
2447,82,71,High
2448,97,67,Mid
2449,95,68,Mid
2450,77,68,Mid
2451,80,66,Mid
2452,93,68,Mid
2453,87,63,Mid
2454,94,68,Mid
2455,95,74,High
2456,92,65,Mid
2457,50,69,Low
2458,66,70,Low
2459,70,65,Low
2460,84,68,Mid
2461,65,65,Low
2462,66,68,Low
2463,70,68,Low
2464,98,66,Mid
2465,72,70,High
2466,57,66,Low
2467,50,64,Low
2468,62,70,Low
2469,97,68,Mid
2470,98,74,High
2471,76,71,High
2472,82,61,Mid
2473,90,64,Mid
2474,53,64,Low
2475,69,73,High
2476,82,62,Mid
2477,95,71,High
2478,86,68,Mid
2479,68,67,Low
2480,95,63,Mid
2481,83,71,High
2482,92,72,High
2483,69,66,Low
2484,50,67,Low
2485,58,66,Low
2486,96,68,Mid
2487,52,64,Low
2488,80,65,Mid
2489,70,66,Low
2490,71,69,High
2491,70,64,Low
2492,53,65,Low
2493,56,72,Low
2494,53,65,Low
2495,53,70,Low
2496,54,64,Low
2497,85,62,Mid
2498,56,69,Low
2499,63,62,Low
2500,83,69,High
2501,56,66,Low
2502,96,71,High
2503,74,66,Low
2504,98,64,Mid
2505,60,63,Low
2506,52,69,Low
2507,80,68,Mid
2508,66,63,Low
2509,79,64,Mid
2510,74,66,Low
2511,73,71,High
2512,93,72,High
2513,60,88,High
2514,75,66,Mid
2515,71,65,Low
2516,84,66,Mid
2517,53,62,Low
2518,76,68,Mid
2519,74,65,Low
2520,99,62,Mid
2521,88,74,High
2522,58,64,Low
2523,75,72,High
2524,89,70,High
2525,76,65,Mid
2526,68,66,Low
2527,69,67,Low
2528,68,73,High
2529,51,65,Low
2530,87,74,High
2531,81,66,Mid
2532,63,67,Low
2533,82,58,Mid
2534,65,71,High
2535,62,63,Low
2536,87,73,High
2537,90,68,Mid
2538,81,66,Mid
2539,89,68,Mid
2540,68,66,Low
2541,54,62,Low
2542,80,78,High
2543,63,68,Low
2544,89,77,High
2545,68,65,Low
2546,84,73,High
2547,78,64,Mid
2548,91,67,Mid
2549,92,69,Mid
2550,53,60,Low
2551,65,66,Low
2552,94,70,High
2553,70,66,Low
2554,76,64,Mid
2555,59,70,Low
2556,78,58,Mid
2557,63,69,Low
2558,91,64,Mid
2559,60,72,High
2560,68,60,Low
2561,55,70,Low
2562,79,62,Mid
2563,97,66,Mid
2564,59,66,Low
2565,51,65,Low
2566,71,64,Low
2567,87,72,High
2568,99,71,High
2569,53,68,Low
2570,89,68,Mid
2571,68,64,Low
2572,58,65,Low
2573,60,64,Low
2574,96,75,High
2575,90,61,Mid
2576,66,68,Low
2577,97,70,High
2578,55,71,Low
2579,66,66,Low
2580,83,66,Mid
2581,100,70,High
2582,73,62,Low
2583,91,72,High
2584,96,72,High
2585,50,63,Low
2586,64,69,Low
2587,55,68,Low
2588,89,67,Mid
2589,78,71,High
2590,55,67,Low
2591,71,62,Low
2592,76,69,High
2593,85,67,Mid
2594,89,71,High
2595,54,87,High
2596,74,62,Low
2597,58,64,Low
2598,88,74,High
2599,83,69,High
2600,86,65,Mid
2601,54,66,Low
2602,76,70,High
2603,92,68,Mid
2604,86,70,High
2605,93,68,Mid
2606,60,69,Low
2607,64,66,Low
2608,72,65,Low
2609,76,71,High
2610,63,66,Low
2611,69,61,Low
2612,84,69,High
2613,82,65,Mid
2614,56,63,Low
2615,99,73,High
2616,78,68,Mid
2617,74,70,High
2618,98,72,High
2619,57,68,Low
2620,77,68,Mid
2621,90,71,High
2622,70,68,Low
2623,87,70,High
2624,95,70,High
2625,63,69,Low
2626,62,73,High
2627,68,72,High
2628,71,67,Low
2629,56,69,Low
2630,62,68,Low
2631,94,64,Mid
2632,78,71,High
2633,63,68,Low
2634,97,70,High
2635,89,72,High
2636,68,65,Low
2637,88,70,High
2638,80,69,High
2639,84,64,Mid
2640,66,67,Low
2641,60,65,Low
2642,63,62,Low
2643,54,68,Low
2644,74,68,Low
2645,70,68,Low
2646,50,68,Low
2647,93,62,Mid
2648,84,72,High
2649,72,69,High
2650,98,68,Mid
2651,97,71,High
2652,55,69,Low
2653,81,71,High
2654,91,65,Mid
2655,59,68,Low
2656,56,60,Low
2657,63,68,Low
2658,64,66,Low
2659,98,66,Mid
2660,89,62,Mid
2661,53,61,Low
2662,89,69,Mid
2663,58,69,Low
2664,68,74,High
2665,66,62,Low
2666,64,67,Low
2667,65,69,Low
2668,88,66,Mid
2669,63,72,High
2670,90,69,Mid
2671,55,65,Low
2672,80,72,High
2673,93,69,Mid
2674,54,60,Low
2675,82,61,Mid
2676,76,63,Mid
2677,67,63,Low
2678,55,68,Low
2679,84,68,Mid
2680,65,65,Low
2681,67,71,High
2682,86,64,Mid
2683,97,65,Mid
2684,67,67,Low
2685,87,67,Mid
2686,98,67,Mid
2687,55,87,High
2688,76,67,Mid
2689,51,72,Low
2690,91,69,Mid
2691,64,65,Low
2692,67,66,Low
2693,84,70,High
2694,89,71,High
2695,70,67,Low
2696,83,72,High
2697,98,63,Mid
2698,94,67,Mid
2699,85,72,High
2700,97,72,High
2701,94,70,High
2702,86,67,Mid
2703,96,68,Mid
2704,91,67,Mid
2705,75,70,High
2706,75,67,Mid
2707,50,71,Low
2708,52,69,Low
2709,87,74,High
2710,78,63,Mid
2711,88,72,High
2712,97,71,High
2713,73,64,Low
2714,54,69,Low
2715,81,62,Mid
2716,55,69,Low
2717,81,68,Mid
2718,76,67,Mid
2719,86,71,High
2720,68,70,High
2721,57,63,Low
2722,62,60,Low
2723,84,69,High
2724,74,71,High
2725,77,69,High
2726,66,73,High
2727,92,73,High
2728,100,68,Mid
2729,66,67,Low
2730,86,74,High
2731,59,68,Low
2732,87,69,High
2733,72,69,High
2734,80,68,Mid
2735,62,66,Low
2736,93,69,Mid
2737,59,66,Low
2738,96,72,High
2739,53,69,Low
2740,64,68,Low
2741,78,66,Mid
2742,93,65,Mid
2743,79,71,High
2744,61,61,Low
2745,93,63,Mid
2746,80,66,Mid
2747,62,69,Low
2748,78,71,High
2749,84,73,High
2750,84,72,High
2751,86,73,High
2752,95,65,Mid
2753,91,71,High
2754,80,65,Mid
2755,52,67,Low
2756,87,69,High
2757,99,63,Mid
2758,65,68,Low
2759,80,70,High
2760,88,64,Mid
2761,82,64,Mid
2762,96,68,Mid
2763,74,65,Low
2764,77,70,High
2765,52,66,Low
2766,95,70,High
2767,63,66,Low
2768,99,69,Mid
2769,60,69,Low
2770,63,64,Low
2771,74,64,Low
2772,83,69,High
2773,72,67,Low
2774,68,63,Low
2775,77,67,Mid
2776,98,65,Mid
2777,98,64,Mid
2778,66,68,Low
2779,84,64,Mid
2780,86,70,High
2781,83,70,High
2782,56,67,Low
2783,77,69,High
2784,88,70,High
2785,60,69,Low
2786,67,65,Low
2787,60,66,Low
2788,94,70,High
2789,93,63,Mid
2790,58,69,Low
2791,88,74,High
2792,68,70,High
2793,84,66,Mid
2794,75,68,Mid
2795,74,67,Low
2796,94,66,Mid
2797,82,65,Mid
2798,62,66,Low
2799,56,69,Low
2800,97,67,Mid
2801,58,69,Low
2802,87,66,Mid
2803,75,64,Mid
2804,57,61,Low
2805,89,61,Mid
2806,95,70,High
2807,56,65,Low
2808,53,67,Low
2809,92,69,Mid
2810,75,63,Mid
2811,84,66,Mid
2812,72,73,High
2813,71,68,Low
2814,65,74,High
2815,78,70,High
2816,58,68,Low
2817,86,67,Mid
2818,77,65,Mid
2819,92,66,Mid
2820,96,64,Mid
2821,95,72,High
2822,80,70,High
2823,66,60,Low
2824,68,68,Low
2825,83,71,High
2826,86,68,Mid
2827,58,67,Low
2828,100,70,High
2829,55,65,Low
2830,80,60,Mid
2831,77,65,Mid
2832,80,70,High
2833,77,69,High
2834,53,64,Low
2835,100,67,Mid
2836,99,73,High
2837,76,74,High
2838,60,67,Low
2839,59,66,Low
2840,53,69,Low
2841,81,64,Mid
2842,74,69,High
2843,71,66,Low
2844,76,65,Mid
2845,94,67,Mid
2846,54,67,Low
2847,77,68,Mid
2848,85,65,Mid
2849,99,66,Mid
2850,87,65,Mid
2851,77,71,High
2852,88,63,Mid
2853,100,70,High
2854,94,70,High
2855,54,67,Low
2856,79,68,Mid
2857,89,63,Mid
2858,84,70,High
2859,71,69,High
2860,66,66,Low
2861,81,70,High
2862,71,68,Low
2863,70,70,High
2864,92,67,Mid
2865,66,69,Low
2866,82,64,Mid
2867,94,62,Mid
2868,81,71,High
2869,75,69,High
2870,52,62,Low
2871,84,66,Mid
2872,100,64,Mid
2873,90,66,Mid
2874,82,72,High
2875,73,71,High
2876,61,65,Low
2877,85,65,Mid
2878,59,70,Low
2879,94,68,Mid
2880,68,57,Low
2881,70,59,Low
2882,61,64,Low
2883,74,67,Low
2884,84,60,Mid
2885,65,67,Low
2886,85,65,Mid
2887,81,71,High
2888,69,67,Low
2889,66,69,Low
2890,93,68,Mid
2891,51,59,Low
2892,86,75,High
2893,71,59,Low
2894,86,71,High
2895,75,71,High
2896,54,66,Low
2897,99,69,Mid
2898,54,65,Low
2899,58,68,Low
2900,71,68,Low
2901,97,67,Mid
2902,65,68,Low
2903,78,68,Mid
2904,76,88,High
2905,67,66,Low
2906,85,67,Mid
2907,75,63,Mid
2908,79,68,Mid
2909,61,65,Low
2910,96,67,Mid
2911,56,67,Low
2912,85,67,Mid
2913,94,64,Mid
2914,54,61,Low
2915,51,65,Low
2916,67,70,High
2917,89,67,Mid
2918,86,68,Mid
2919,91,65,Mid
2920,70,63,Low
2921,100,72,High
2922,68,68,Low
2923,90,73,High
2924,68,71,High
2925,61,70,Low
2926,67,68,Low
2927,60,68,Low
2928,56,68,Low
2929,68,71,High
2930,57,70,Low
2931,75,67,Mid
2932,52,61,Low
2933,72,64,Low
2934,98,72,High
2935,68,67,Low
2936,57,65,Low
2937,65,64,Low
2938,90,66,Mid
2939,66,62,Low
2940,69,70,High
2941,89,64,Mid
2942,63,70,Low
2943,74,66,Low
2944,53,62,Low
2945,59,63,Low
2946,60,66,Low
2947,73,58,Low
2948,91,70,High
2949,68,63,Low
2950,69,70,High
2951,65,65,Low
2952,66,67,Low
2953,70,73,High
2954,95,82,High
2955,51,71,Low
2956,81,73,High
2957,94,65,Mid
2958,71,67,Low
2959,83,67,Mid
2960,79,69,High
2961,67,61,Low
2962,57,64,Low
2963,61,64,Low
2964,53,68,Low
2965,88,62,Mid
2966,77,66,Mid
2967,89,70,High
2968,65,67,Low
2969,90,70,High
2970,65,65,Low
2971,56,65,Low
2972,77,70,High
2973,97,72,High
2974,71,65,Low
2975,76,71,High
2976,73,71,High
2977,73,72,High
2978,61,64,Low
2979,71,72,High
2980,75,71,High
2981,87,66,Mid
2982,57,71,Low
2983,79,67,Mid
2984,83,69,High
2985,69,67,Low
2986,77,71,High
2987,86,66,Mid
2988,73,62,Low
2989,67,67,Low
2990,91,70,High
2991,99,72,High
2992,61,69,Low
2993,94,70,High
2994,77,64,Mid
2995,72,65,Low
2996,95,66,Mid
2997,96,68,Mid
2998,64,72,High
2999,68,65,Low
3000,93,60,Mid
3001,75,63,Mid
3002,64,66,Low
3003,98,73,High
3004,61,71,Low
3005,81,59,Mid
3006,71,70,High
3007,73,63,Low
3008,55,67,Low
3009,63,65,Low
3010,58,64,Low
3011,87,71,High
3012,85,70,High
3013,90,63,Mid
3014,85,68,Mid
3015,56,67,Low
3016,99,66,Mid
3017,59,63,Low
3018,68,65,Low
3019,85,66,Mid
3020,57,65,Low
3021,59,65,Low
3022,94,63,Mid
3023,67,65,Low
3024,83,62,Mid
3025,93,66,Mid
3026,99,71,High
3027,61,64,Low
3028,56,67,Low
3029,87,68,Mid
3030,59,63,Low
3031,79,64,Mid
3032,77,74,High
3033,78,68,Mid
3034,82,68,Mid
3035,93,69,Mid
3036,64,61,Low
3037,78,69,High
3038,67,61,Low
3039,66,67,Low
3040,51,63,Low
3041,80,68,Mid
3042,99,68,Mid
3043,88,67,Mid
3044,62,69,Low
3045,86,64,Mid
3046,65,67,Low
3047,88,70,High
3048,93,72,High
3049,67,71,High
3050,50,62,Low
3051,65,67,Low
3052,60,64,Low
3053,81,64,Mid
3054,65,70,Low
3055,52,68,Low
3056,77,70,High
3057,94,65,Mid
3058,73,59,Low
3059,69,69,Low
3060,59,67,Low
3061,69,68,Low
3062,67,62,Low
3063,100,65,Mid
3064,52,69,Low
3065,62,65,Low
3066,53,68,Low
3067,93,68,Mid
3068,71,71,High
3069,90,71,High
3070,85,66,Mid
3071,96,71,High
3072,51,66,Low
3073,60,66,Low
3074,85,69,High
3075,79,65,Mid
3076,85,66,Mid
3077,79,67,Mid
3078,79,66,Mid
3079,97,69,Mid
3080,96,66,Mid
3081,52,64,Low
3082,71,70,High
3083,76,62,Mid
3084,68,67,Low
3085,52,60,Low
3086,74,66,Low
3087,99,72,High
3088,54,63,Low
3089,91,69,Mid
3090,60,66,Low
3091,79,69,High
3092,69,68,Low
3093,67,66,Low
3094,94,63,Mid
3095,99,70,High
3096,69,68,Low
3097,82,68,Mid
3098,78,67,Mid
3099,54,67,Low
3100,52,69,Low
3101,89,68,Mid
3102,70,67,Low
3103,65,70,Low
3104,99,70,High
3105,54,66,Low
3106,63,61,Low
3107,93,68,Mid
3108,71,64,Low
3109,79,66,Mid
3110,52,65,Low
3111,96,73,High
3112,57,66,Low
3113,61,65,Low
3114,58,68,Low
3115,75,69,High
3116,91,72,High
3117,63,63,Low
3118,57,65,Low
3119,70,69,Low
3120,99,62,Mid
3121,51,66,Low
3122,75,69,High
3123,83,67,Mid
3124,90,94,High
3125,87,71,High
3126,54,61,Low
3127,73,68,Low
3128,54,66,Low
3129,81,71,High
3130,54,66,Low
3131,52,60,Low
3132,65,60,Low
3133,97,66,Mid
3134,85,67,Mid
3135,50,67,Low
3136,64,64,Low
3137,51,66,Low
3138,65,68,Low
3139,84,70,High
3140,88,75,High
3141,90,86,High
3142,95,73,High
3143,68,61,Low
3144,93,68,Mid
3145,86,70,High
3146,77,71,High
3147,98,71,High
3148,97,68,Mid
3149,95,70,High
3150,60,70,Low
3151,60,62,Low
3152,95,67,Mid
3153,70,68,Low
3154,90,68,Mid
3155,84,64,Mid
3156,88,68,Mid
3157,51,69,Low
3158,71,70,High
3159,93,73,High
3160,74,66,Low
3161,85,68,Mid
3162,88,68,Mid
3163,56,65,Low
3164,58,66,Low
3165,86,62,Mid
3166,53,67,Low
3167,67,73,High
3168,96,65,Mid
3169,79,70,High
3170,96,68,Mid
3171,65,67,Low
3172,82,66,Mid
3173,64,65,Low
3174,56,66,Low
3175,100,66,Mid
3176,59,60,Low
3177,59,66,Low
3178,92,68,Mid
3179,90,72,High
3180,99,68,Mid
3181,54,67,Low
3182,55,62,Low
3183,72,66,Low
3184,80,69,High
3185,52,64,Low
3186,58,63,Low
3187,85,74,High
3188,83,72,High
3189,54,71,Low
3190,97,64,Mid
3191,63,65,Low
3192,94,75,High
3193,96,69,Mid
3194,75,65,Mid
3195,71,60,Low
3196,64,69,Low
3197,90,65,Mid
3198,60,67,Low
3199,81,70,High
3200,78,66,Mid
3201,62,69,Low
3202,99,69,Mid
3203,92,68,Mid
3204,51,70,Low
3205,71,66,Low
3206,68,65,Low
3207,94,65,Mid
3208,63,65,Low
3209,100,69,Mid
3210,60,69,Low
3211,62,65,Low
3212,83,76,High
3213,58,72,Low
3214,94,67,Mid
3215,55,74,High
3216,99,66,Mid
3217,94,66,Mid
3218,92,66,Mid
3219,70,71,High
3220,76,66,Mid
3221,73,65,Low
3222,99,69,Mid
3223,52,69,Low
3224,69,63,Low
3225,98,68,Mid
3226,68,64,Low
3227,70,64,Low
3228,82,73,High
3229,95,66,Mid
3230,65,67,Low
3231,97,63,Mid
3232,64,61,Low
3233,91,71,High
3234,64,61,Low
3235,54,62,Low
3236,91,74,High
3237,73,65,Low
3238,70,64,Low
3239,71,66,Low
3240,81,72,High
3241,63,76,High
3242,62,67,Low
3243,74,71,High
3244,52,65,Low
3245,82,68,Mid
3246,91,68,Mid
3247,86,67,Mid
3248,73,64,Low
3249,78,60,Mid
3250,51,70,Low
3251,96,73,High
3252,78,69,High
3253,66,70,Low
3254,65,64,Low
3255,83,64,Mid
3256,79,65,Mid
3257,59,62,Low
3258,70,64,Low
3259,84,72,High
3260,65,64,Low
3261,75,67,Mid
3262,63,64,Low
3263,54,61,Low
3264,69,72,High
3265,87,70,High
3266,61,70,Low
3267,88,71,High
3268,83,68,Mid
3269,75,68,Mid
3270,99,70,High
3271,94,73,High
3272,78,69,High
3273,78,71,High
3274,64,64,Low
3275,96,68,Mid
3276,95,69,Mid
3277,87,70,High
3278,56,67,Low
3279,85,66,Mid
3280,63,65,Low
3281,59,66,Low
3282,88,61,Mid
3283,98,71,High
3284,55,60,Low
3285,58,66,Low
3286,61,61,Low
3287,98,68,Mid
3288,85,68,Mid
3289,84,65,Mid
3290,75,65,Mid
3291,77,60,Mid
3292,65,67,Low
3293,58,65,Low
3294,89,70,High
3295,74,64,Low
3296,63,68,Low
3297,82,69,High
3298,60,65,Low
3299,74,71,High
3300,60,65,Low
3301,88,65,Mid
3302,66,68,Low
3303,72,66,Low
3304,88,65,Mid
3305,83,71,High
3306,70,68,Low
3307,54,70,Low
3308,96,74,High
3309,50,62,Low
3310,87,61,Mid
3311,97,70,High
3312,65,65,Low
3313,54,62,Low
3314,62,65,Low
3315,66,68,Low
3316,73,70,High
3317,76,68,Mid
3318,86,69,High
3319,95,73,High
3320,73,71,High
3321,87,63,Mid
3322,56,66,Low
3323,66,67,Low
3324,56,64,Low
3325,85,66,Mid
3326,95,69,Mid
3327,94,72,High
3328,66,63,Low
3329,62,67,Low
3330,64,64,Low
3331,64,68,Low
3332,54,71,Low
3333,57,67,Low
3334,61,67,Low
3335,50,64,Low
3336,52,63,Low
3337,85,72,High
3338,81,63,Mid
3339,97,67,Mid
3340,70,68,Low
3341,72,64,Low
3342,53,65,Low
3343,58,68,Low
3344,85,66,Mid
3345,62,73,High
3346,89,68,Mid
3347,85,72,High
3348,87,70,High
3349,85,66,Mid
3350,85,66,Mid
3351,77,66,Mid
3352,84,65,Mid
3353,76,71,High
3354,60,66,Low
3355,61,63,Low
3356,70,63,Low
3357,51,58,Low
3358,94,68,Mid
3359,63,61,Low
3360,53,65,Low
3361,71,67,Low
3362,91,67,Mid
3363,70,62,Low
3364,63,86,High
3365,77,71,High
3366,79,70,High
3367,88,71,High
3368,90,71,High
3369,85,70,High
3370,50,67,Low
3371,50,60,Low
3372,99,73,High
3373,63,67,Low
3374,64,62,Low
3375,87,67,Mid
3376,79,65,Mid
3377,73,61,Low
3378,56,61,Low
3379,54,60,Low
3380,85,68,Mid
3381,56,65,Low
3382,72,67,Low
3383,87,67,Mid
3384,96,74,High
3385,94,64,Mid
3386,93,64,Mid
3387,68,67,Low
3388,96,74,High
3389,84,69,High
3390,94,62,Mid
3391,54,66,Low
3392,52,69,Low
3393,71,68,Low
3394,91,74,High
3395,70,68,Low
3396,94,73,High
3397,62,70,Low
3398,52,69,Low
3399,88,68,Mid
3400,81,71,High
3401,72,64,Low
3402,92,71,High
3403,91,65,Mid
3404,66,68,Low
3405,92,67,Mid
3406,67,67,Low
3407,81,67,Mid
3408,60,63,Low
3409,63,68,Low
3410,72,66,Low
3411,66,67,Low
3412,56,68,Low
3413,74,72,High
3414,76,70,High
3415,58,62,Low
3416,59,69,Low
3417,51,61,Low
3418,52,58,Low
3419,68,63,Low
3420,57,71,Low
3421,96,70,High
3422,60,64,Low
3423,53,63,Low
3424,70,63,Low
3425,60,71,Low
3426,53,65,Low
3427,88,68,Mid
3428,78,70,High
3429,53,68,Low
3430,73,69,High
3431,52,70,Low
3432,68,67,Low
3433,68,69,Low
3434,91,73,High
3435,87,68,Mid
3436,95,67,Mid
3437,57,67,Low
3438,77,64,Mid
3439,51,63,Low
3440,91,67,Mid
3441,68,70,High
3442,53,71,Low
3443,66,74,High
3444,64,70,Low
3445,88,59,Mid
3446,56,64,Low
3447,78,67,Mid
3448,90,63,Mid
3449,87,66,Mid
3450,97,62,Mid
3451,50,65,Low
3452,68,73,High
3453,68,70,High
3454,52,62,Low
3455,91,68,Mid
3456,84,74,High
3457,76,96,High
3458,70,66,Low
3459,95,69,Mid
3460,63,70,Low
3461,67,73,High
3462,98,69,Mid
3463,53,71,Low
3464,89,65,Mid
3465,86,62,Mid
3466,95,69,Mid
3467,55,65,Low
3468,99,68,Mid
3469,51,65,Low
3470,67,72,High
3471,54,67,Low
3472,53,68,Low
3473,98,68,Mid
3474,86,66,Mid
3475,75,62,Mid
3476,55,65,Low
3477,76,60,Mid
3478,66,70,Low
3479,64,68,Low
3480,81,72,High
3481,90,63,Mid
3482,72,63,Low
3483,75,67,Mid
3484,83,68,Mid
3485,56,69,Low
3486,91,75,High
3487,92,67,Mid
3488,77,69,High
3489,59,65,Low
3490,75,65,Mid
3491,55,63,Low
3492,88,65,Mid
3493,66,58,Low
3494,66,70,Low
3495,97,66,Mid
3496,71,63,Low
3497,89,62,Mid
3498,82,69,High
3499,66,66,Low
3500,56,68,Low
3501,90,62,Mid
3502,88,64,Mid
3503,58,65,Low
3504,62,64,Low
3505,88,65,Mid
3506,99,65,Mid
3507,92,70,High
3508,84,71,High
3509,96,65,Mid
3510,64,67,Low
3511,50,68,Low
3512,66,73,High
3513,99,64,Mid
3514,94,71,High
3515,53,70,Low
3516,75,68,Mid
3517,54,68,Low
3518,89,68,Mid
3519,69,59,Low
3520,96,74,High
3521,53,62,Low
3522,87,64,Mid
3523,70,76,High
3524,63,70,Low
3525,76,69,High
3526,74,69,High
3527,67,74,High
3528,82,62,Mid
3529,83,70,High
3530,54,71,Low
3531,80,68,Mid
3532,86,66,Mid
3533,54,67,Low
3534,83,71,High
3535,90,74,High
3536,92,65,Mid
3537,52,60,Low
3538,85,69,High
3539,90,65,Mid
3540,70,69,Low
3541,77,70,High
3542,63,65,Low
3543,66,57,Low
3544,75,68,Mid
3545,58,67,Low
3546,69,70,High
3547,65,68,Low
3548,62,62,Low
3549,74,67,Low
3550,92,66,Mid
3551,62,60,Low
3552,83,65,Mid
3553,63,75,High
3554,57,67,Low
3555,97,71,High
3556,82,63,Mid
3557,55,67,Low
3558,82,68,Mid
3559,59,65,Low
3560,94,72,High
3561,62,61,Low
3562,90,60,Mid
3563,60,72,High
3564,78,72,High
3565,96,70,High
3566,65,67,Low
3567,54,71,Low
3568,78,66,Mid
3569,59,72,High
3570,86,70,High
3571,80,71,High
3572,67,64,Low
3573,85,66,Mid
3574,62,64,Low
3575,96,67,Mid
3576,67,67,Low
3577,88,64,Mid
3578,63,61,Low
3579,86,99,High
3580,52,67,Low
3581,65,72,High
3582,55,66,Low
3583,73,68,Low
3584,72,64,Low
3585,68,69,Low
3586,99,65,Mid
3587,62,66,Low
3588,90,73,High
3589,72,63,Low
3590,67,66,Low
3591,60,65,Low
3592,82,71,High
3593,67,58,Low
3594,91,68,Mid
3595,98,69,Mid
3596,61,63,Low
3597,56,66,Low
3598,66,69,Low
3599,73,69,High
3600,65,63,Low
3601,99,65,Mid
3602,89,76,High
3603,98,67,Mid
3604,69,70,High
3605,65,60,Low
3606,70,68,Low
3607,76,68,Mid
3608,87,70,High
3609,94,68,Mid
3610,73,69,High
3611,64,62,Low
3612,66,64,Low
3613,85,71,High
3614,78,68,Mid
3615,74,72,High
3616,60,64,Low
3617,94,73,High
3618,89,69,Mid
3619,57,70,Low
3620,68,69,Low
3621,77,64,Mid
3622,73,66,Low
3623,70,69,Low
3624,86,68,Mid
3625,53,65,Low
3626,74,62,Low
3627,63,75,High
3628,54,60,Low
3629,73,63,Low
3630,59,66,Low
3631,63,67,Low
3632,75,68,Mid
3633,99,72,High
3634,84,66,Mid
3635,64,63,Low
3636,69,71,High
3637,70,67,Low
3638,58,66,Low
3639,58,66,Low
3640,57,68,Low
3641,76,66,Mid
3642,84,68,Mid
3643,80,68,Mid
3644,99,68,Mid
3645,56,66,Low
3646,99,66,Mid
3647,73,70,High
3648,61,68,Low
3649,97,65,Mid
3650,73,70,High
3651,67,66,Low
3652,61,68,Low
3653,63,64,Low
3654,99,69,Mid
3655,65,65,Low
3656,99,69,Mid
3657,67,66,Low
3658,62,68,Low
3659,59,70,Low
3660,71,65,Low
3661,62,65,Low
3662,85,68,Mid
3663,62,67,Low
3664,92,72,High
3665,92,70,High
3666,64,72,High
3667,88,71,High
3668,93,64,Mid
3669,80,69,High
3670,68,73,High
3671,72,70,High
3672,89,68,Mid
3673,65,71,High
3674,67,71,High
3675,58,66,Low
3676,70,68,Low
3677,54,70,Low
3678,66,72,High
3679,69,66,Low
3680,63,65,Low
3681,55,66,Low
3682,76,65,Mid
3683,93,72,High
3684,67,68,Low
3685,62,68,Low
3686,64,67,Low
3687,93,68,Mid
3688,76,67,Mid
3689,57,69,Low
3690,85,65,Mid
3691,58,70,Low
3692,53,64,Low
3693,63,66,Low
3694,58,64,Low
3695,80,66,Mid
3696,74,67,Low
3697,86,68,Mid
3698,76,71,High
3699,71,67,Low
3700,76,69,High
3701,72,67,Low
3702,52,61,Low
3703,84,68,Mid
3704,98,67,Mid
3705,71,64,Low
3706,71,63,Low
3707,52,72,Low
3708,95,69,Mid
3709,96,66,Mid
3710,91,64,Mid
3711,55,61,Low
3712,95,71,High
3713,51,63,Low
3714,72,65,Low
3715,75,71,High
3716,92,78,High
3717,88,73,High
3718,90,65,Mid
3719,93,66,Mid
3720,74,66,Low
3721,89,74,High
3722,53,62,Low
3723,72,66,Low
3724,52,71,Low
3725,96,67,Mid
3726,98,69,Mid
3727,54,72,Low
3728,77,72,High
3729,66,65,Low
3730,67,71,High
3731,73,64,Low
3732,56,61,Low
3733,59,69,Low
3734,79,65,Mid
3735,51,69,Low
3736,80,64,Mid
3737,66,69,Low
3738,92,68,Mid
3739,80,63,Mid
3740,85,66,Mid
3741,56,65,Low
3742,63,66,Low
3743,100,67,Mid
3744,72,62,Low
3745,68,66,Low
3746,94,68,Mid
3747,52,68,Low
3748,77,63,Mid
3749,61,66,Low
3750,68,65,Low
3751,60,72,High
3752,52,70,Low
3753,71,63,Low
3754,89,65,Mid
3755,98,65,Mid
3756,81,66,Mid
3757,69,68,Low
3758,88,64,Mid
3759,75,66,Mid
3760,68,68,Low
3761,59,64,Low
3762,90,62,Mid
3763,75,67,Mid
3764,98,67,Mid
3765,90,65,Mid
3766,71,59,Low
3767,87,66,Mid
3768,73,68,Low
3769,54,63,Low
3770,76,68,Mid
3771,93,68,Mid
3772,93,66,Mid
3773,79,63,Mid
3774,69,61,Low
3775,51,68,Low
3776,66,66,Low
3777,99,69,Mid
3778,86,64,Mid
3779,86,68,Mid
3780,88,66,Mid
3781,81,68,Mid
3782,79,62,Mid
3783,73,68,Low
3784,72,69,High
3785,94,70,High
3786,70,65,Low
3787,92,68,Mid
3788,92,67,Mid
3789,89,64,Mid
3790,52,63,Low
3791,57,67,Low
3792,66,66,Low
3793,92,67,Mid
3794,94,63,Mid
3795,52,69,Low
3796,66,70,Low
3797,93,70,High
3798,62,65,Low
3799,99,64,Mid
3800,74,67,Low
3801,97,61,Mid
3802,71,70,High
3803,66,68,Low
3804,68,64,Low
3805,94,68,Mid
3806,67,68,Low
3807,83,63,Mid
3808,73,65,Low
3809,97,69,Mid
3810,58,63,Low
3811,71,69,High
3812,56,61,Low
3813,79,69,High
3814,70,62,Low
3815,53,58,Low
3816,92,71,High
3817,69,69,Low
3818,75,68,Mid
3819,70,61,Low
3820,74,67,Low
3821,51,68,Low
3822,91,72,High
3823,67,71,High
3824,86,67,Mid
3825,53,68,Low
3826,76,64,Mid
3827,95,73,High
3828,70,65,Low
3829,60,67,Low
3830,55,63,Low
3831,93,63,Mid
3832,62,69,Low
3833,99,68,Mid
3834,62,68,Low
3835,74,69,High
3836,73,73,High
3837,53,66,Low
3838,77,68,Mid
3839,84,65,Mid
3840,87,67,Mid
3841,76,70,High
3842,91,66,Mid
3843,88,64,Mid
3844,60,69,Low
3845,70,71,High
3846,57,68,Low
3847,57,68,Low
3848,86,66,Mid
3849,77,70,High
3850,80,65,Mid
3851,87,63,Mid
3852,64,70,Low
3853,70,67,Low
3854,80,63,Mid
3855,55,64,Low
3856,92,60,Mid
3857,67,62,Low
3858,83,65,Mid
3859,100,69,Mid
3860,74,68,Low
3861,61,66,Low
3862,61,72,High
3863,53,68,Low
3864,88,69,Mid
3865,65,65,Low
3866,59,65,Low
3867,86,70,High
3868,65,67,Low
3869,80,73,High
3870,71,70,High
3871,67,66,Low
3872,74,68,Low
3873,66,61,Low
3874,94,70,High
3875,54,66,Low
3876,52,67,Low
3877,70,69,Low
3878,59,64,Low
3879,87,65,Mid
3880,68,75,High
3881,63,63,Low
3882,68,69,Low
3883,61,68,Low
3884,65,66,Low
3885,78,66,Mid
3886,93,66,Mid
3887,69,68,Low
3888,66,65,Low
3889,89,70,High
3890,51,68,Low
3891,65,70,Low
3892,73,61,Low
3893,80,61,Mid
3894,58,64,Low
3895,72,71,High
3896,78,72,High
3897,76,66,Mid
3898,79,63,Mid
3899,83,62,Mid
3900,69,65,Low
3901,53,66,Low
3902,53,72,Low
3903,93,68,Mid
3904,84,70,High
3905,88,70,High
3906,96,73,High
3907,88,67,Mid
3908,85,65,Mid
3909,83,65,Mid
3910,63,65,Low
3911,98,70,High
3912,77,66,Mid
3913,61,65,Low
3914,60,68,Low
3915,91,66,Mid
3916,63,65,Low
3917,52,71,Low
3918,71,65,Low
3919,91,70,High
3920,71,69,High
3921,90,71,High
3922,91,67,Mid
3923,93,64,Mid
3924,79,82,High
3925,85,66,Mid
3926,63,66,Low
3927,55,65,Low
3928,77,61,Mid
3929,51,72,Low
3930,73,70,High
3931,55,71,Low
3932,55,84,High
3933,94,72,High
3934,82,67,Mid
3935,82,72,High
3936,70,70,High
3937,71,62,Low
3938,65,71,High
3939,72,62,Low
3940,79,68,Mid
3941,59,74,High
3942,63,68,Low
3943,75,64,Mid
3944,69,65,Low
3945,91,66,Mid
3946,91,68,Mid
3947,67,67,Low
3948,73,67,Low
3949,99,63,Mid
3950,91,71,High
3951,61,63,Low
3952,64,66,Low
3953,54,67,Low
3954,84,66,Mid
3955,66,70,Low
3956,77,64,Mid
3957,88,71,High
3958,92,68,Mid
3959,66,64,Low
3960,62,66,Low
3961,92,72,High
3962,69,66,Low
3963,91,70,High
3964,57,66,Low
3965,96,68,Mid
3966,74,70,High
3967,59,64,Low
3968,77,71,High
3969,94,72,High
3970,69,71,High
3971,59,63,Low
3972,79,68,Mid
3973,92,63,Mid
3974,56,66,Low
3975,52,63,Low
3976,53,72,Low
3977,62,70,Low
3978,50,65,Low
3979,71,67,Low
3980,85,66,Mid
3981,86,69,High
3982,82,73,High
3983,65,66,Low
3984,87,70,High
3985,79,68,Mid
3986,93,65,Mid
3987,74,67,Low
3988,59,71,Low
3989,82,70,High
3990,58,61,Low
3991,98,69,Mid
3992,85,63,Mid
3993,88,67,Mid
3994,84,65,Mid
3995,55,63,Low
3996,73,67,Low
3997,83,66,Mid
3998,61,72,High
3999,84,68,Mid
4000,91,67,Mid
4001,64,72,High
4002,60,66,Low
4003,94,73,High
4004,50,71,Low
4005,63,65,Low
4006,70,65,Low
4007,84,65,Mid
4008,100,68,Mid
4009,69,70,High
4010,97,68,Mid
4011,68,62,Low
4012,85,66,Mid
4013,58,65,Low
4014,73,71,High
4015,94,61,Mid
4016,66,63,Low
4017,55,67,Low
4018,76,70,High
4019,72,73,High
4020,61,72,High
4021,95,69,Mid
4022,80,61,Mid
4023,67,71,High
4024,100,64,Mid
4025,57,61,Low
4026,92,63,Mid
4027,62,65,Low
4028,62,73,High
4029,75,68,Mid
4030,83,72,High
4031,85,62,Mid
4032,51,63,Low
4033,64,58,Low
4034,83,68,Mid
4035,94,74,High
4036,83,68,Mid
4037,63,67,Low
4038,75,65,Mid
4039,82,63,Mid
4040,57,71,Low
4041,77,62,Mid
4042,74,66,Low
4043,67,65,Low
4044,81,66,Mid
4045,82,71,High
4046,99,68,Mid
4047,71,72,High
4048,77,66,Mid
4049,58,66,Low
4050,77,67,Mid
4051,52,71,Low
4052,57,72,Low
4053,59,64,Low
4054,82,60,Mid
4055,78,64,Mid
4056,90,70,High
4057,73,72,High
4058,74,68,Low
4059,58,62,Low
4060,87,68,Mid
4061,50,72,Low
4062,71,60,Low
4063,59,72,High
4064,89,65,Mid
4065,84,63,Mid
4066,85,66,Mid
4067,57,65,Low
4068,83,65,Mid
4069,85,67,Mid
4070,50,65,Low
4071,66,67,Low
4072,54,66,Low
4073,84,71,High
4074,61,64,Low
4075,63,61,Low
4076,54,65,Low
4077,74,61,Low
4078,52,64,Low
4079,92,69,Mid
4080,51,71,Low
4081,53,70,Low
4082,82,70,High
4083,96,62,Mid
4084,95,73,High
4085,54,66,Low
4086,64,66,Low
4087,76,66,Mid
4088,51,66,Low
4089,76,65,Mid
4090,72,67,Low
4091,79,76,High
4092,96,66,Mid
4093,64,63,Low
4094,82,71,High
4095,71,63,Low
4096,72,67,Low
4097,82,63,Mid
4098,98,66,Mid
4099,93,72,High
4100,82,70,High
4101,73,62,Low
4102,71,69,High
4103,89,66,Mid
4104,61,64,Low
4105,79,70,High
4106,75,67,Mid
4107,82,71,High
4108,59,69,Low
4109,85,70,High
4110,81,70,High
4111,59,61,Low
4112,72,65,Low
4113,84,67,Mid
4114,95,70,High
4115,56,67,Low
4116,50,68,Low
4117,58,69,Low
4118,99,65,Mid
4119,88,68,Mid
4120,81,67,Mid
4121,57,70,Low
4122,71,68,Low
4123,86,69,High
4124,95,70,High
4125,69,67,Low
4126,100,70,High
4127,57,74,High
4128,69,63,Low
4129,94,72,High
4130,82,62,Mid
4131,91,71,High
4132,95,68,Mid
4133,75,72,High
4134,62,64,Low
4135,85,64,Mid
4136,78,63,Mid
4137,89,66,Mid
4138,76,71,High
4139,91,70,High
4140,95,67,Mid
4141,87,73,High
4142,87,64,Mid
4143,79,65,Mid
4144,74,62,Low
4145,99,64,Mid
4146,82,67,Mid
4147,92,74,High
4148,75,63,Mid
4149,78,64,Mid
4150,83,64,Mid
4151,86,70,High
4152,72,71,High
4153,68,63,Low
4154,62,66,Low
4155,71,65,Low
4156,61,70,Low
4157,71,65,Low
4158,94,68,Mid
4159,99,72,High
4160,79,67,Mid
4161,57,65,Low
4162,71,66,Low
4163,80,67,Mid
4164,69,65,Low
4165,60,68,Low
4166,61,68,Low
4167,74,69,High
4168,61,71,Low
4169,62,64,Low
4170,94,65,Mid
4171,89,64,Mid
4172,53,67,Low
4173,66,70,Low
4174,77,66,Mid
4175,53,70,Low
4176,84,70,High
4177,69,64,Low
4178,70,71,High
4179,63,63,Low
4180,67,72,High
4181,93,72,High
4182,89,61,Mid
4183,97,63,Mid
4184,85,67,Mid
4185,79,67,Mid
4186,63,65,Low
4187,83,64,Mid
4188,95,69,Mid
4189,53,65,Low
4190,72,71,High
4191,57,70,Low
4192,91,98,High
4193,81,65,Mid
4194,94,63,Mid
4195,53,61,Low
4196,95,67,Mid
4197,53,64,Low
4198,64,65,Low
4199,58,73,High
4200,57,69,Low
4201,59,67,Low
4202,74,63,Low
4203,89,67,Mid
4204,95,66,Mid
4205,78,64,Mid
4206,58,68,Low
4207,54,61,Low
4208,75,66,Mid
4209,88,65,Mid
4210,81,65,Mid
4211,79,67,Mid
4212,52,68,Low
4213,71,63,Low
4214,78,70,High
4215,80,68,Mid
4216,50,69,Low
4217,60,67,Low
4218,97,69,Mid
4219,75,65,Mid
4220,85,61,Mid
4221,65,65,Low
4222,79,67,Mid
4223,68,66,Low
4224,65,69,Low
4225,71,71,High
4226,73,68,Low
4227,67,65,Low
4228,63,64,Low
4229,81,68,Mid
4230,69,64,Low
4231,60,71,Low
4232,88,70,High
4233,86,68,Mid
4234,94,63,Mid
4235,78,61,Mid
4236,64,66,Low
4237,93,75,High
4238,64,71,High
4239,83,69,High
4240,60,62,Low
4241,81,65,Mid
4242,92,61,Mid
4243,77,69,High
4244,74,66,Low
4245,100,64,Mid
4246,51,69,Low
4247,67,78,High
4248,96,68,Mid
4249,82,70,High
4250,77,68,Mid
4251,82,68,Mid
4252,66,69,Low
4253,54,68,Low
4254,64,80,High
4255,67,67,Low
4256,74,64,Low
4257,70,64,Low
4258,76,68,Mid
4259,60,67,Low
4260,59,65,Low
4261,68,66,Low
4262,74,67,Low
4263,67,64,Low
4264,79,66,Mid
4265,66,63,Low
4266,59,71,Low
4267,93,62,Mid
4268,60,64,Low
4269,98,72,High
4270,99,65,Mid
4271,85,67,Mid
4272,75,65,Mid
4273,90,63,Mid
4274,94,65,Mid
4275,85,67,Mid
4276,55,67,Low
4277,50,65,Low
4278,60,64,Low
4279,59,64,Low
4280,59,69,Low
4281,75,60,Mid
4282,76,70,High
4283,86,66,Mid
4284,60,66,Low
4285,55,68,Low
4286,83,62,Mid
4287,74,70,High
4288,83,72,High
4289,69,64,Low
4290,88,71,High
4291,84,67,Mid
4292,83,64,Mid
4293,51,64,Low
4294,93,72,High
4295,69,66,Low
4296,57,68,Low
4297,88,95,High
4298,74,64,Low
4299,52,64,Low
4300,89,68,Mid
4301,72,67,Low
4302,88,67,Mid
4303,88,71,High
4304,55,63,Low
4305,81,66,Mid
4306,68,65,Low
4307,77,68,Mid
4308,54,68,Low
4309,79,62,Mid
4310,89,67,Mid
4311,99,65,Mid
4312,66,71,High
4313,58,71,Low
4314,68,61,Low
4315,51,70,Low
4316,70,60,Low
4317,96,70,High
4318,60,67,Low
4319,74,66,Low
4320,79,63,Mid
4321,59,65,Low
4322,67,75,High
4323,96,66,Mid
4324,65,61,Low
4325,82,65,Mid
4326,57,61,Low
4327,83,73,High
4328,64,73,High
4329,62,63,Low
4330,56,67,Low
4331,52,62,Low
4332,98,71,High
4333,71,70,High
4334,89,70,High
4335,96,69,Mid
4336,60,66,Low
4337,93,72,High
4338,85,63,Mid
4339,79,65,Mid
4340,90,71,High
4341,56,66,Low
4342,63,69,Low
4343,57,62,Low
4344,95,66,Mid
4345,55,66,Low
4346,99,64,Mid
4347,55,63,Low
4348,83,68,Mid
4349,83,68,Mid
4350,97,67,Mid
4351,66,67,Low
4352,67,68,Low
4353,92,65,Mid
4354,99,74,High
4355,52,85,High
4356,82,64,Mid
4357,62,67,Low
4358,86,68,Mid
4359,89,67,Mid
4360,88,65,Mid
4361,72,63,Low
4362,58,64,Low
4363,79,62,Mid
4364,89,68,Mid
4365,96,75,High
4366,73,63,Low
4367,62,68,Low
4368,56,63,Low
4369,90,68,Mid
4370,77,62,Mid
4371,84,67,Mid
4372,58,66,Low
4373,50,65,Low
4374,98,69,Mid
4375,91,70,High
4376,70,64,Low
4377,73,75,High
4378,96,66,Mid
4379,60,62,Low
4380,90,70,High
4381,51,68,Low
4382,94,66,Mid
4383,79,65,Mid
4384,74,68,Low
4385,85,68,Mid
4386,53,62,Low
4387,60,66,Low
4388,70,68,Low
4389,81,69,High
4390,57,67,Low
4391,69,74,High
4392,63,61,Low
4393,82,64,Mid
4394,96,69,Mid
4395,58,66,Low
4396,59,61,Low
4397,80,71,High
4398,73,71,High
4399,86,69,High
4400,64,66,Low
4401,77,64,Mid
4402,69,68,Low
4403,64,71,High
4404,86,66,Mid
4405,90,94,High
4406,66,68,Low
4407,81,66,Mid
4408,59,70,Low
4409,90,68,Mid
4410,64,65,Low
4411,59,64,Low
4412,97,69,Mid
4413,71,59,Low
4414,82,70,High
4415,90,72,High
4416,84,64,Mid
4417,78,63,Mid
4418,69,67,Low
4419,96,62,Mid
4420,57,69,Low
4421,94,66,Mid
4422,85,66,Mid
4423,79,63,Mid
4424,66,62,Low
4425,57,58,Low
4426,72,67,Low
4427,89,68,Mid
4428,87,67,Mid
4429,82,67,Mid
4430,100,62,Mid
4431,99,66,Mid
4432,70,65,Low
4433,60,67,Low
4434,73,69,High
4435,92,67,Mid
4436,73,69,High
4437,67,62,Low
4438,87,67,Mid
4439,83,63,Mid
4440,98,65,Mid
4441,77,66,Mid
4442,98,71,High
4443,65,70,Low
4444,93,68,Mid
4445,68,67,Low
4446,90,71,High
4447,96,65,Mid
4448,81,64,Mid
4449,86,69,High
4450,98,68,Mid
4451,69,67,Low
4452,76,71,High
4453,95,64,Mid
4454,84,69,High
4455,94,68,Mid
4456,81,69,High
4457,87,67,Mid
4458,51,58,Low
4459,67,66,Low
4460,89,69,Mid
4461,70,70,High
4462,68,70,High
4463,98,70,High
4464,78,66,Mid
4465,60,61,Low
4466,74,71,High
4467,76,69,High
4468,99,69,Mid
4469,86,65,Mid
4470,76,69,High
4471,72,74,High
4472,96,71,High
4473,82,68,Mid
4474,68,69,Low
4475,73,68,Low
4476,64,63,Low
4477,98,68,Mid
4478,85,67,Mid
4479,70,71,High
4480,59,66,Low
4481,59,69,Low
4482,74,68,Low
4483,73,63,Low
4484,71,69,High
4485,93,66,Mid
4486,99,71,High
4487,68,68,Low
4488,65,69,Low
4489,89,65,Mid
4490,72,68,Low
4491,61,67,Low
4492,59,65,Low
4493,64,65,Low
4494,50,64,Low
4495,97,69,Mid
4496,72,64,Low
4497,54,66,Low
4498,58,65,Low
4499,66,69,Low
4500,78,66,Mid
4501,85,64,Mid
4502,65,61,Low
4503,98,72,High
4504,88,67,Mid
4505,91,63,Mid
4506,66,69,Low
4507,69,70,High
4508,77,71,High
4509,73,60,Low
4510,63,70,Low
4511,100,69,Mid
4512,92,63,Mid
4513,62,69,Low
4514,95,71,High
4515,79,68,Mid
4516,51,64,Low
4517,67,68,Low
4518,51,69,Low
4519,54,65,Low
4520,59,68,Low
4521,74,74,High
4522,69,72,High
4523,57,67,Low
4524,70,73,High
4525,65,68,Low
4526,71,61,Low
4527,59,70,Low
4528,80,62,Mid
4529,52,67,Low
4530,69,69,Low
4531,95,93,High
4532,71,68,Low
4533,72,69,High
4534,53,68,Low
4535,80,64,Mid
4536,97,69,Mid
4537,65,66,Low
4538,70,68,Low
4539,79,72,High
4540,55,63,Low
4541,98,73,High
4542,73,65,Low
4543,56,65,Low
4544,67,68,Low
4545,69,70,High
4546,67,65,Low
4547,85,66,Mid
4548,67,66,Low
4549,66,65,Low
4550,66,69,Low
4551,89,69,Mid
4552,65,64,Low
4553,51,66,Low
4554,68,63,Low
4555,64,68,Low
4556,95,68,Mid
4557,74,65,Low
4558,62,69,Low
4559,99,66,Mid
4560,62,63,Low
4561,88,72,High
4562,82,67,Mid
4563,73,67,Low
4564,70,68,Low
4565,94,71,High
4566,74,73,High
4567,69,68,Low
4568,68,69,Low
4569,64,69,Low
4570,70,63,Low
4571,56,62,Low
4572,53,70,Low
4573,77,66,Mid
4574,73,62,Low
4575,59,64,Low
4576,55,63,Low
4577,57,71,Low
4578,66,67,Low
4579,73,67,Low
4580,60,67,Low
4581,88,71,High
4582,60,69,Low
4583,56,93,High
4584,100,72,High
4585,72,71,High
4586,59,63,Low
4587,95,65,Mid
4588,62,61,Low
4589,96,66,Mid
4590,56,61,Low
4591,92,67,Mid
4592,59,64,Low
4593,97,69,Mid
4594,79,64,Mid
4595,59,70,Low
4596,92,73,High
4597,70,63,Low
4598,87,68,Mid
4599,82,64,Mid
4600,86,69,High
4601,67,69,Low
4602,97,67,Mid
4603,78,69,High
4604,54,62,Low
4605,53,66,Low
4606,87,68,Mid
4607,92,71,High
4608,85,66,Mid
4609,64,62,Low
4610,61,68,Low
4611,78,59,Mid
4612,60,70,Low
4613,69,66,Low
4614,81,65,Mid
4615,64,66,Low
4616,69,73,High
4617,68,65,Low
4618,73,65,Low
4619,84,64,Mid
4620,89,69,Mid
4621,83,74,High
4622,51,68,Low
4623,95,65,Mid
4624,79,72,High
4625,96,71,High
4626,98,69,Mid
4627,73,67,Low
4628,96,71,High
4629,68,68,Low
4630,63,63,Low
4631,54,69,Low
4632,73,68,Low
4633,84,73,High
4634,99,69,Mid
4635,76,58,Mid
4636,87,65,Mid
4637,95,63,Mid
4638,77,59,Mid
4639,58,58,Low
4640,92,66,Mid
4641,79,67,Mid
4642,88,67,Mid
4643,83,67,Mid
4644,53,65,Low
4645,58,71,Low
4646,64,66,Low
4647,64,68,Low
4648,92,65,Mid
4649,80,71,High
4650,54,64,Low
4651,69,72,High
4652,78,69,High
4653,63,70,Low
4654,52,66,Low
4655,69,70,High
4656,73,62,Low
4657,95,66,Mid
4658,95,70,High
4659,75,63,Mid
4660,74,73,High
4661,82,70,High
4662,63,71,High
4663,64,65,Low
4664,50,64,Low
4665,54,66,Low
4666,59,82,High
4667,82,68,Mid
4668,61,67,Low
4669,56,68,Low
4670,81,69,High
4671,83,63,Mid
4672,53,66,Low
4673,89,68,Mid
4674,80,71,High
4675,70,69,Low
4676,99,70,High
4677,51,70,Low
4678,77,73,High
4679,58,68,Low
4680,66,65,Low
4681,57,72,Low
4682,83,67,Mid
4683,70,68,Low
4684,99,69,Mid
4685,83,70,High
4686,96,69,Mid
4687,62,68,Low
4688,66,65,Low
4689,68,70,High
4690,92,65,Mid
4691,61,61,Low
4692,97,69,Mid
4693,52,67,Low
4694,94,65,Mid
4695,73,63,Low
4696,76,67,Mid
4697,100,76,High
4698,94,70,High
4699,95,67,Mid
4700,79,66,Mid
4701,98,65,Mid
4702,84,65,Mid
4703,91,63,Mid
4704,86,74,High
4705,89,72,High
4706,82,68,Mid
4707,86,62,Mid
4708,72,65,Low
4709,85,69,High
4710,64,61,Low
4711,82,67,Mid
4712,76,66,Mid
4713,95,70,High
4714,84,72,High
4715,80,69,High
4716,66,68,Low
4717,93,74,High
4718,53,70,Low
4719,95,67,Mid
4720,83,68,Mid
4721,59,69,Low
4722,95,66,Mid
4723,66,66,Low
4724,58,68,Low
4725,66,60,Low
4726,98,69,Mid
4727,88,66,Mid
4728,96,77,High
4729,65,63,Low
4730,54,66,Low
4731,78,64,Mid
4732,74,63,Low
4733,86,68,Mid
4734,77,65,Mid
4735,70,65,Low
4736,50,64,Low
4737,73,68,Low
4738,56,62,Low
4739,96,67,Mid
4740,96,73,High
4741,90,69,Mid
4742,58,65,Low
4743,57,66,Low
4744,78,73,High
4745,86,72,High
4746,95,72,High
4747,95,61,Mid
4748,58,69,Low
4749,100,66,Mid
4750,58,74,High
4751,92,64,Mid
4752,79,66,Mid
4753,84,64,Mid
4754,80,66,Mid
4755,93,72,High
4756,82,71,High
4757,92,70,High
4758,58,67,Low
4759,93,71,High
4760,100,63,Mid
4761,83,64,Mid
4762,99,64,Mid
4763,61,65,Low
4764,91,65,Mid
4765,58,62,Low
4766,76,65,Mid
4767,83,64,Mid
4768,83,74,High
4769,84,67,Mid
4770,66,66,Low
4771,99,70,High
4772,50,68,Low
4773,81,64,Mid
4774,93,58,Mid
4775,95,65,Mid
4776,86,68,Mid
4777,79,64,Mid
4778,73,66,Low
4779,72,92,High
4780,71,69,High
4781,85,68,Mid
4782,87,63,Mid
4783,76,64,Mid
4784,87,68,Mid
4785,76,67,Mid
4786,55,68,Low
4787,93,66,Mid
4788,94,66,Mid
4789,63,68,Low
4790,89,64,Mid
4791,76,63,Mid
4792,56,62,Low
4793,70,66,Low
4794,54,65,Low
4795,89,66,Mid
4796,60,66,Low
4797,58,69,Low
4798,60,67,Low
4799,61,75,High
4800,84,73,High
4801,82,66,Mid
4802,56,61,Low
4803,86,68,Mid
4804,67,67,Low
4805,73,66,Low
4806,56,69,Low
4807,85,69,High
4808,69,67,Low
4809,82,65,Mid
4810,71,63,Low
4811,52,63,Low
4812,85,66,Mid
4813,78,66,Mid
4814,72,69,High
4815,60,72,High
4816,81,70,High
4817,64,68,Low
4818,71,66,Low
4819,53,67,Low
4820,89,68,Mid
4821,55,62,Low
4822,95,64,Mid
4823,93,71,High
4824,99,65,Mid
4825,95,69,Mid
4826,99,65,Mid
4827,94,71,High
4828,56,69,Low
4829,72,65,Low
4830,54,66,Low
4831,77,68,Mid
4832,76,72,High
4833,96,74,High
4834,98,64,Mid
4835,63,64,Low
4836,79,63,Mid
4837,73,66,Low
4838,77,67,Mid
4839,77,64,Mid
4840,96,62,Mid
4841,95,66,Mid
4842,56,71,Low
4843,67,63,Low
4844,88,72,High
4845,84,71,High
4846,82,61,Mid
4847,100,71,High
4848,67,69,Low
4849,76,74,High
4850,99,61,Mid
4851,85,68,Mid
4852,82,67,Mid
4853,58,70,Low
4854,62,69,Low
4855,69,72,High
4856,73,66,Low
4857,75,67,Mid
4858,95,70,High
4859,55,68,Low
4860,62,68,Low
4861,57,65,Low
4862,87,63,Mid
4863,99,62,Mid
4864,95,66,Mid
4865,86,62,Mid
4866,51,61,Low
4867,67,63,Low
4868,93,65,Mid
4869,83,64,Mid
4870,60,74,High
4871,73,70,High
4872,54,63,Low
4873,76,68,Mid
4874,95,69,Mid
4875,52,70,Low
4876,81,62,Mid
4877,62,71,Low
4878,100,69,Mid
4879,53,69,Low
4880,81,68,Mid
4881,63,65,Low
4882,94,65,Mid
4883,56,65,Low
4884,71,72,High
4885,59,63,Low
4886,90,68,Mid
4887,68,72,High
4888,59,66,Low
4889,86,71,High
4890,91,67,Mid
4891,73,61,Low
4892,69,70,High
4893,82,64,Mid
4894,83,64,Mid
4895,83,68,Mid
4896,64,70,Low
4897,97,65,Mid
4898,61,67,Low
4899,69,65,Low
4900,64,65,Low
4901,97,65,Mid
4902,91,66,Mid
4903,91,62,Mid
4904,50,63,Low
4905,84,63,Mid
4906,62,70,Low
4907,98,67,Mid
4908,77,66,Mid
4909,78,63,Mid
4910,68,66,Low
4911,77,67,Mid
4912,87,68,Mid
4913,78,67,Mid
4914,82,66,Mid
4915,74,71,High
4916,86,69,High
4917,95,72,High
4918,53,70,Low
4919,55,68,Low
4920,84,68,Mid
4921,69,67,Low
4922,64,62,Low
4923,59,67,Low
4924,79,69,High
4925,67,64,Low
4926,75,66,Mid
4927,98,69,Mid
4928,88,70,High
4929,90,69,Mid
4930,56,72,Low
4931,66,61,Low
4932,55,68,Low
4933,98,68,Mid
4934,84,66,Mid
4935,51,65,Low
4936,74,66,Low
4937,63,67,Low
4938,77,68,Mid
4939,59,67,Low
4940,53,63,Low
4941,66,64,Low
4942,65,66,Low
4943,86,69,High
4944,74,70,High
4945,65,72,High
4946,79,71,High
4947,54,63,Low
4948,83,68,Mid
4949,57,67,Low
4950,64,69,Low
4951,64,65,Low
4952,73,69,High
4953,98,71,High
4954,66,67,Low
4955,64,64,Low
4956,58,68,Low
4957,70,67,Low
4958,59,62,Low
4959,57,68,Low
4960,93,72,High
4961,53,61,Low
4962,86,67,Mid
4963,60,70,Low
4964,51,59,Low
4965,90,70,High
4966,85,60,Mid
4967,67,74,High
4968,54,68,Low
4969,68,67,Low
4970,59,67,Low
4971,97,66,Mid
4972,76,63,Mid
4973,98,62,Mid
4974,68,64,Low
4975,78,68,Mid
4976,60,65,Low
4977,90,71,High
4978,52,68,Low
4979,85,62,Mid
4980,70,68,Low
4981,79,68,Mid
4982,80,67,Mid
4983,86,67,Mid
4984,60,70,Low
4985,77,69,High
4986,71,70,High
4987,64,69,Low
4988,75,70,High
4989,98,72,High
4990,97,59,Mid
4991,64,64,Low
4992,94,72,High
4993,94,70,High
4994,62,63,Low
4995,80,66,Mid
4996,93,72,High
4997,76,71,High
4998,68,71,High
4999,83,62,Mid
5000,59,62,Low
5001,58,64,Low
5002,92,65,Mid
5003,52,68,Low
5004,90,67,Mid
5005,65,61,Low
5006,74,68,Low
5007,77,68,Mid
5008,88,62,Mid
5009,94,62,Mid
5010,90,74,High
5011,79,68,Mid
5012,67,66,Low
5013,76,67,Mid
5014,52,65,Low
5015,62,66,Low
5016,68,67,Low
5017,66,76,High
5018,55,66,Low
5019,53,68,Low
5020,71,63,Low
5021,54,65,Low
5022,64,63,Low
5023,74,59,Low
5024,60,74,High
5025,54,62,Low
5026,72,59,Low
5027,72,71,High
5028,96,73,High
5029,56,68,Low
5030,81,68,Mid
5031,66,66,Low
5032,56,69,Low
5033,70,70,High
5034,71,74,High
5035,68,75,High
5036,88,71,High
5037,92,71,High
5038,57,65,Low
5039,58,65,Low
5040,71,65,Low
5041,66,67,Low
5042,91,67,Mid
5043,100,67,Mid
5044,59,71,Low
5045,88,72,High
5046,80,62,Mid
5047,82,70,High
5048,63,72,High
5049,55,64,Low
5050,77,66,Mid
5051,81,69,High
5052,98,71,High
5053,84,68,Mid
5054,72,63,Low
5055,100,71,High
5056,69,65,Low
5057,58,66,Low
5058,81,68,Mid
5059,63,61,Low
5060,96,71,High
5061,71,70,High
5062,57,66,Low
5063,57,61,Low
5064,82,67,Mid
5065,68,72,High
5066,68,65,Low
5067,81,68,Mid
5068,61,70,Low
5069,57,63,Low
5070,83,69,High
5071,50,62,Low
5072,95,71,High
5073,59,64,Low
5074,72,69,High
5075,61,71,Low
5076,61,63,Low
5077,92,72,High
5078,79,66,Mid
5079,66,69,Low
5080,63,60,Low
5081,61,68,Low
5082,78,65,Mid
5083,87,67,Mid
5084,63,66,Low
5085,67,68,Low
5086,86,63,Mid
5087,87,73,High
5088,60,66,Low
5089,69,67,Low
5090,93,66,Mid
5091,87,60,Mid
5092,58,67,Low
5093,69,67,Low
5094,99,70,High
5095,76,69,High
5096,86,68,Mid
5097,55,67,Low
5098,92,63,Mid
5099,80,70,High
5100,59,71,Low
5101,69,67,Low
5102,54,64,Low
5103,89,66,Mid
5104,87,70,High
5105,75,65,Mid
5106,73,68,Low
5107,73,65,Low
5108,52,65,Low
5109,68,69,Low
5110,56,63,Low
5111,59,70,Low
5112,98,64,Mid
5113,63,62,Low
5114,74,66,Low
5115,94,73,High
5116,71,72,High
5117,76,68,Mid
5118,58,62,Low
5119,64,67,Low
5120,75,62,Mid
5121,68,72,High
5122,52,67,Low
5123,70,68,Low
5124,91,65,Mid
5125,56,79,High
5126,51,66,Low
5127,56,68,Low
5128,84,65,Mid
5129,90,67,Mid
5130,52,67,Low
5131,94,67,Mid
5132,81,68,Mid
5133,76,72,High
5134,63,65,Low
5135,69,65,Low
5136,97,70,High
5137,96,67,Mid
5138,81,68,Mid
5139,79,63,Mid
5140,61,68,Low
5141,98,69,Mid
5142,88,66,Mid
5143,69,64,Low
5144,91,69,Mid
5145,61,62,Low
5146,61,65,Low
5147,90,70,High
5148,78,72,High
5149,78,66,Mid
5150,79,70,High
5151,56,67,Low
5152,67,65,Low
5153,79,68,Mid
5154,62,62,Low
5155,75,68,Mid
5156,78,69,High
5157,97,72,High
5158,62,65,Low
5159,72,63,Low
5160,99,68,Mid
5161,59,62,Low
5162,89,69,Mid
5163,59,65,Low
5164,93,74,High
5165,74,70,High
5166,99,65,Mid
5167,59,70,Low
5168,84,59,Mid
5169,85,63,Mid
5170,86,64,Mid
5171,55,63,Low
5172,64,67,Low
5173,67,65,Low
5174,66,67,Low
5175,84,73,High
5176,53,64,Low
5177,87,65,Mid
5178,76,72,High
5179,59,72,High
5180,61,66,Low
5181,55,62,Low
5182,73,68,Low
5183,80,67,Mid
5184,79,69,High
5185,98,67,Mid
5186,65,63,Low
5187,88,65,Mid
5188,86,71,High
5189,53,70,Low
5190,97,68,Mid
5191,97,65,Mid
5192,70,68,Low
5193,71,69,High
5194,91,62,Mid
5195,75,62,Mid
5196,90,72,High
5197,52,64,Low
5198,63,58,Low
5199,55,66,Low
5200,73,64,Low
5201,93,68,Mid
5202,78,69,High
5203,76,71,High
5204,68,71,High
5205,53,67,Low
5206,88,71,High
5207,79,64,Mid
5208,97,62,Mid
5209,72,70,High
5210,70,63,Low
5211,99,66,Mid
5212,57,65,Low
5213,63,69,Low
5214,74,63,Low
5215,76,64,Mid
5216,77,66,Mid
5217,61,67,Low
5218,96,66,Mid
5219,85,65,Mid
5220,63,72,High
5221,65,70,Low
5222,94,67,Mid
5223,69,64,Low
5224,78,72,High
5225,56,65,Low
5226,63,62,Low
5227,71,67,Low
5228,83,64,Mid
5229,64,63,Low
5230,98,72,High
5231,61,66,Low
5232,89,70,High
5233,68,66,Low
5234,92,70,High
5235,96,67,Mid
5236,59,64,Low
5237,75,67,Mid
5238,58,72,Low
5239,85,72,High
5240,92,68,Mid
5241,69,64,Low
5242,70,66,Low
5243,60,68,Low
5244,65,66,Low
5245,66,70,Low
5246,58,70,Low
5247,65,62,Low
5248,95,69,Mid
5249,66,69,Low
5250,64,66,Low
5251,69,68,Low
5252,98,71,High
5253,88,64,Mid
5254,60,67,Low
5255,88,68,Mid
5256,88,67,Mid
5257,98,68,Mid
5258,95,69,Mid
5259,55,71,Low
5260,73,68,Low
5261,85,65,Mid
5262,99,63,Mid
5263,54,65,Low
5264,68,72,High
5265,75,67,Mid
5266,71,69,High
5267,73,67,Low
5268,68,64,Low
5269,99,62,Mid
5270,90,71,High
5271,87,70,High
5272,71,64,Low
5273,94,69,Mid
5274,55,65,Low
5275,57,73,High
5276,98,64,Mid
5277,78,64,Mid
5278,58,70,Low
5279,97,70,High
5280,99,64,Mid
5281,94,64,Mid
5282,62,66,Low
5283,64,66,Low
5284,70,74,High
5285,79,69,High
5286,100,67,Mid
5287,98,73,High
5288,96,66,Mid
5289,54,67,Low
5290,88,75,High
5291,94,73,High
5292,67,67,Low
5293,61,65,Low
5294,87,71,High
5295,55,63,Low
5296,97,68,Mid
5297,58,72,Low
5298,73,67,Low
5299,99,71,High
5300,99,67,Mid
5301,89,66,Mid
5302,92,72,High
5303,98,64,Mid
5304,96,68,Mid
5305,81,65,Mid
5306,87,74,High
5307,80,65,Mid
5308,75,63,Mid
5309,94,65,Mid
5310,87,70,High
5311,93,71,High
5312,55,66,Low
5313,79,69,High
5314,66,67,Low
5315,76,64,Mid
5316,81,67,Mid
5317,92,67,Mid
5318,52,70,Low
5319,58,71,Low
5320,96,68,Mid
5321,98,65,Mid
5322,53,70,Low
5323,67,64,Low
5324,50,67,Low
5325,88,63,Mid
5326,84,65,Mid
5327,78,70,High
5328,85,67,Mid
5329,77,60,Mid
5330,62,64,Low
5331,88,65,Mid
5332,89,64,Mid
5333,93,67,Mid
5334,98,71,High
5335,87,69,High
5336,53,70,Low
5337,51,69,Low
5338,87,69,High
5339,53,64,Low
5340,66,63,Low
5341,57,67,Low
5342,98,66,Mid
5343,66,69,Low
5344,53,69,Low
5345,97,69,Mid
5346,80,72,High
5347,52,65,Low
5348,92,63,Mid
5349,58,69,Low
5350,90,69,Mid
5351,80,64,Mid
5352,59,69,Low
5353,88,72,High
5354,73,62,Low
5355,82,66,Mid
5356,93,65,Mid
5357,63,69,Low
5358,68,65,Low
5359,100,67,Mid
5360,75,63,Mid
5361,78,66,Mid
5362,64,61,Low
5363,71,64,Low
5364,75,64,Mid
5365,63,65,Low
5366,62,68,Low
5367,80,69,High
5368,59,61,Low
5369,78,72,High
5370,85,61,Mid
5371,60,66,Low
5372,87,60,Mid
5373,68,69,Low
5374,100,72,High
5375,99,69,Mid
5376,90,71,High
5377,67,64,Low
5378,97,71,High
5379,100,64,Mid
5380,73,67,Low
5381,81,67,Mid
5382,50,66,Low
5383,52,73,Low
5384,75,73,High
5385,80,70,High
5386,66,70,Low
5387,55,62,Low
5388,89,68,Mid
5389,71,65,Low
5390,82,73,High
5391,83,65,Mid
5392,77,66,Mid
5393,59,64,Low
5394,81,63,Mid
5395,66,62,Low
5396,91,70,High
5397,60,65,Low
5398,65,64,Low
5399,72,70,High
5400,87,62,Mid
5401,86,67,Mid
5402,67,66,Low
5403,76,74,High
5404,62,69,Low
5405,89,70,High
5406,60,68,Low
5407,91,70,High
5408,97,71,High
5409,100,73,High
5410,93,69,Mid
5411,61,61,Low
5412,71,68,Low
5413,54,66,Low
5414,58,67,Low
5415,52,64,Low
5416,82,67,Mid
5417,77,61,Mid
5418,96,65,Mid
5419,73,62,Low
5420,82,69,High
5421,70,61,Low
5422,91,69,Mid
5423,96,64,Mid
5424,72,65,Low
5425,54,64,Low
5426,58,68,Low
5427,86,67,Mid
5428,66,68,Low
5429,89,61,Mid
5430,87,69,High
5431,85,64,Mid
5432,91,74,High
5433,88,66,Mid
5434,82,68,Mid
5435,50,65,Low
5436,76,66,Mid
5437,80,66,Mid
5438,98,65,Mid
5439,83,67,Mid
5440,79,65,Mid
5441,77,63,Mid
5442,55,67,Low
5443,71,70,High
5444,57,68,Low
5445,53,66,Low
5446,66,67,Low
5447,82,72,High
5448,93,68,Mid
5449,91,66,Mid
5450,65,62,Low
5451,52,65,Low
5452,70,67,Low
5453,66,62,Low
5454,69,66,Low
5455,78,67,Mid
5456,52,68,Low
5457,69,66,Low
5458,78,68,Mid
5459,72,62,Low
5460,83,64,Mid
5461,59,68,Low
5462,58,71,Low
5463,65,63,Low
5464,55,62,Low
5465,62,69,Low
5466,54,62,Low
5467,70,71,High
5468,86,69,High
5469,64,66,Low
5470,50,64,Low
5471,78,65,Mid
5472,85,68,Mid
5473,70,69,Low
5474,65,68,Low
5475,75,71,High
5476,55,66,Low
5477,82,65,Mid
5478,87,68,Mid
5479,85,72,High
5480,66,75,High
5481,92,67,Mid
5482,97,67,Mid
5483,65,70,Low
5484,63,64,Low
5485,85,65,Mid
5486,85,68,Mid
5487,76,67,Mid
5488,96,66,Mid
5489,57,69,Low
5490,74,64,Low
5491,52,68,Low
5492,53,68,Low
5493,53,65,Low
5494,75,65,Mid
5495,79,65,Mid
5496,50,67,Low
5497,82,63,Mid
5498,74,62,Low
5499,61,73,High
5500,51,72,Low
5501,58,71,Low
5502,80,67,Mid
5503,83,66,Mid
5504,82,68,Mid
5505,58,70,Low
5506,96,66,Mid
5507,71,56,Low
5508,88,71,High
5509,58,64,Low
5510,74,65,Low
5511,76,70,High
5512,89,70,High
5513,81,71,High
5514,70,70,High
5515,64,62,Low
5516,99,72,High
5517,64,62,Low
5518,56,67,Low
5519,65,58,Low
5520,66,69,Low
5521,56,60,Low
5522,85,72,High
5523,81,66,Mid
5524,66,66,Low
5525,100,69,Mid
5526,83,70,High
5527,85,70,High
5528,78,70,High
5529,78,67,Mid
5530,51,67,Low
5531,89,59,Mid
5532,96,67,Mid
5533,56,65,Low
5534,90,68,Mid
5535,77,71,High
5536,64,61,Low
5537,96,63,Mid
5538,51,67,Low
5539,64,69,Low
5540,94,70,High
5541,74,69,High
5542,80,66,Mid
5543,87,70,High
5544,57,67,Low
5545,61,61,Low
5546,100,74,High
5547,62,70,Low
5548,77,66,Mid
5549,65,73,High
5550,93,62,Mid
5551,98,65,Mid
5552,57,62,Low
5553,80,64,Mid
5554,91,63,Mid
5555,91,69,Mid
5556,72,63,Low
5557,61,67,Low
5558,69,65,Low
5559,88,71,High
5560,100,71,High
5561,78,69,High
5562,60,71,Low
5563,52,68,Low
5564,97,70,High
5565,74,71,High
5566,86,68,Mid
5567,83,69,High
5568,95,71,High
5569,63,63,Low
5570,72,66,Low
5571,96,67,Mid
5572,79,71,High
5573,54,59,Low
5574,60,67,Low
5575,62,66,Low
5576,100,72,High
5577,61,70,Low
5578,93,68,Mid
5579,54,63,Low
5580,59,69,Low
5581,94,67,Mid
5582,95,75,High
5583,59,67,Low
5584,61,74,High
5585,77,66,Mid
5586,53,65,Low
5587,97,60,Mid
5588,68,63,Low
5589,74,69,High
5590,55,64,Low
5591,52,68,Low
5592,73,63,Low
5593,56,65,Low
5594,82,74,High
5595,90,65,Mid
5596,52,61,Low
5597,81,66,Mid
5598,91,67,Mid
5599,72,66,Low
5600,98,69,Mid
5601,56,65,Low
5602,66,65,Low
5603,62,66,Low
5604,100,73,High
5605,65,64,Low
5606,69,67,Low
5607,92,67,Mid
5608,96,68,Mid
5609,97,71,High
5610,78,64,Mid
5611,83,67,Mid
5612,67,68,Low
5613,80,67,Mid
5614,65,70,Low
5615,87,64,Mid
5616,65,63,Low
5617,94,71,High
5618,57,64,Low
5619,79,70,High
5620,76,70,High
5621,63,67,Low
5622,51,62,Low
5623,57,69,Low
5624,98,69,Mid
5625,97,62,Mid
5626,56,70,Low
5627,69,66,Low
5628,73,69,High
5629,74,65,Low
5630,65,66,Low
5631,96,69,Mid
5632,95,66,Mid
5633,51,65,Low
5634,83,66,Mid
5635,54,63,Low
5636,80,72,High
5637,93,62,Mid
5638,82,64,Mid
5639,73,61,Low
5640,98,70,High
5641,87,67,Mid
5642,62,66,Low
5643,69,66,Low
5644,88,68,Mid
5645,51,67,Low
5646,53,65,Low
5647,93,70,High
5648,52,69,Low
5649,84,68,Mid
5650,66,61,Low
5651,91,65,Mid
5652,92,71,High
5653,98,66,Mid
5654,55,62,Low
5655,71,61,Low
5656,79,67,Mid
5657,96,66,Mid
5658,63,71,High
5659,54,62,Low
5660,60,67,Low
5661,75,64,Mid
5662,84,68,Mid
5663,85,67,Mid
5664,54,63,Low
5665,88,70,High
5666,83,67,Mid
5667,70,71,High
5668,79,62,Mid
5669,88,75,High
5670,63,72,High
5671,97,73,High
5672,57,64,Low
5673,95,73,High
5674,87,66,Mid
5675,83,69,High
5676,54,70,Low
5677,96,70,High
5678,65,71,High
5679,87,64,Mid
5680,94,71,High
5681,62,63,Low
5682,96,68,Mid
5683,81,71,High
5684,83,65,Mid
5685,96,66,Mid
5686,76,72,High
5687,72,65,Low
5688,82,60,Mid
5689,78,67,Mid
5690,53,65,Low
5691,59,64,Low
5692,51,72,Low
5693,55,62,Low
5694,86,67,Mid
5695,50,67,Low
5696,65,69,Low
5697,72,65,Low
5698,97,62,Mid
5699,66,69,Low
5700,89,72,High
5701,70,63,Low
5702,55,64,Low
5703,55,67,Low
5704,72,70,High
5705,53,64,Low
5706,79,69,High
5707,75,72,High
5708,85,69,High
5709,59,75,High
5710,80,67,Mid
5711,59,67,Low
5712,86,66,Mid
5713,65,64,Low
5714,81,68,Mid
5715,94,66,Mid
5716,74,69,High
5717,60,65,Low
5718,94,70,High
5719,68,57,Low
5720,87,69,High
5721,66,70,Low
5722,65,63,Low
5723,82,66,Mid
5724,58,64,Low
5725,93,65,Mid
5726,69,64,Low
5727,51,62,Low
5728,65,71,High
5729,89,64,Mid
5730,93,72,High
5731,78,64,Mid
5732,65,71,High
5733,76,68,Mid
5734,92,68,Mid
5735,66,68,Low
5736,69,69,Low
5737,77,67,Mid
5738,94,66,Mid
5739,79,65,Mid
5740,60,63,Low
5741,54,62,Low
5742,55,67,Low
5743,98,65,Mid
5744,91,66,Mid
5745,88,66,Mid
5746,75,64,Mid
5747,84,67,Mid
5748,56,67,Low
5749,81,61,Mid
5750,91,66,Mid
5751,53,66,Low
5752,65,67,Low
5753,56,64,Low
5754,63,64,Low
5755,89,67,Mid
5756,67,68,Low
5757,84,64,Mid
5758,89,63,Mid
5759,91,68,Mid
5760,94,64,Mid
5761,80,70,High
5762,64,64,Low
5763,58,59,Low
5764,75,71,High
5765,55,67,Low
5766,96,73,High
5767,72,66,Low
5768,94,73,High
5769,85,62,Mid
5770,93,69,Mid
5771,94,66,Mid
5772,53,68,Low
5773,86,65,Mid
5774,61,67,Low
5775,99,64,Mid
5776,89,67,Mid
5777,50,66,Low
5778,96,68,Mid
5779,65,68,Low
5780,71,64,Low
5781,81,63,Mid
5782,96,72,High
5783,96,75,High
5784,78,71,High
5785,66,71,High
5786,64,66,Low
5787,68,71,High
5788,59,61,Low
5789,83,65,Mid
5790,76,58,Mid
5791,89,62,Mid
5792,55,69,Low
5793,70,65,Low
5794,62,69,Low
5795,77,68,Mid
5796,73,70,High
5797,72,72,High
5798,66,66,Low
5799,86,68,Mid
5800,74,67,Low
5801,60,61,Low
5802,77,64,Mid
5803,80,74,High
5804,51,64,Low
5805,60,64,Low
5806,62,61,Low
5807,62,71,Low
5808,62,72,High
5809,64,68,Low
5810,63,69,Low
5811,94,74,High
5812,66,70,Low
5813,67,69,Low
5814,63,64,Low
5815,98,71,High
5816,77,65,Mid
5817,81,71,High
5818,87,71,High
5819,67,66,Low
5820,98,64,Mid
5821,58,70,Low
5822,73,61,Low
5823,57,71,Low
5824,90,65,Mid
5825,55,59,Low
5826,78,63,Mid
5827,55,64,Low
5828,73,63,Low
5829,64,70,Low
5830,95,70,High
5831,53,72,Low
5832,82,65,Mid
5833,85,71,High
5834,94,70,High
5835,94,66,Mid
5836,99,64,Mid
5837,63,64,Low
5838,64,59,Low
5839,70,65,Low
5840,77,66,Mid
5841,68,67,Low
5842,87,62,Mid
5843,50,65,Low
5844,51,73,Low
5845,86,70,High
5846,94,75,High
5847,89,66,Mid
5848,56,65,Low
5849,97,64,Mid
5850,76,70,High
5851,87,71,High
5852,60,68,Low
5853,77,64,Mid
5854,67,67,Low
5855,99,65,Mid
5856,74,62,Low
5857,88,68,Mid
5858,80,66,Mid
5859,55,69,Low
5860,77,68,Mid
5861,77,71,High
5862,86,68,Mid
5863,66,64,Low
5864,93,66,Mid
5865,81,70,High
5866,52,60,Low
5867,85,69,High
5868,95,65,Mid
5869,84,66,Mid
5870,69,64,Low
5871,80,71,High
5872,59,66,Low
5873,80,66,Mid
5874,75,68,Mid
5875,51,63,Low
5876,66,66,Low
5877,60,61,Low
5878,70,70,High
5879,62,68,Low
5880,92,65,Mid
5881,85,69,High
5882,87,67,Mid
5883,68,62,Low
5884,50,61,Low
5885,61,70,Low
5886,88,65,Mid
5887,80,65,Mid
5888,77,66,Mid
5889,64,66,Low
5890,54,69,Low
5891,89,70,High
5892,52,63,Low
5893,53,64,Low
5894,65,65,Low
5895,79,71,High
5896,100,61,Mid
5897,55,69,Low
5898,74,69,High
5899,80,66,Mid
5900,91,72,High
5901,84,60,Mid
5902,90,62,Mid
5903,76,66,Mid
5904,72,69,High
5905,81,69,High
5906,95,71,High
5907,78,57,Mid
5908,80,72,High
5909,67,66,Low
5910,80,66,Mid
5911,81,70,High
5912,88,67,Mid
5913,79,65,Mid
5914,60,63,Low
5915,79,68,Mid
5916,65,63,Low
5917,54,63,Low
5918,91,68,Mid
5919,53,60,Low
5920,82,67,Mid
5921,99,65,Mid
5922,54,68,Low
5923,61,62,Low
5924,88,65,Mid
5925,55,66,Low
5926,92,67,Mid
5927,50,60,Low
5928,94,74,High
5929,53,62,Low
5930,96,61,Mid
5931,93,63,Mid
5932,77,66,Mid
5933,89,65,Mid
5934,54,72,Low
5935,57,70,Low
5936,68,71,High
5937,77,64,Mid
5938,93,70,High
5939,77,68,Mid
5940,83,61,Mid
5941,84,68,Mid
5942,94,64,Mid
5943,89,64,Mid
5944,99,71,High
5945,51,72,Low
5946,60,66,Low
5947,97,74,High
5948,90,65,Mid
5949,63,64,Low
5950,99,69,Mid
5951,93,62,Mid
5952,53,62,Low
5953,91,72,High
5954,89,73,High
5955,61,64,Low
5956,83,65,Mid
5957,99,70,High
5958,84,66,Mid
5959,91,70,High
5960,55,63,Low
5961,86,69,High
5962,60,64,Low
5963,54,63,Low
5964,78,66,Mid
5965,88,68,Mid
5966,77,97,High
5967,97,67,Mid
5968,85,71,High
5969,56,66,Low
5970,97,72,High
5971,58,70,Low
5972,88,69,Mid
5973,57,66,Low
5974,100,69,Mid
5975,67,65,Low
5976,75,75,High
5977,73,70,High
5978,55,70,Low
5979,75,69,High
5980,57,68,Low
5981,90,73,High
5982,98,74,High
5983,90,66,Mid
5984,72,74,High
5985,50,67,Low
5986,52,67,Low
5987,75,70,High
5988,84,67,Mid
5989,91,80,High
5990,80,70,High
5991,99,71,High
5992,75,64,Mid
5993,80,68,Mid
5994,62,68,Low
5995,67,69,Low
5996,84,72,High
5997,80,65,Mid
5998,68,64,Low
5999,56,64,Low
6000,67,58,Low
6001,52,69,Low
6002,79,61,Mid
6003,66,68,Low
6004,69,66,Low
6005,79,68,Mid
6006,79,70,High
6007,79,62,Mid
6008,75,71,High
6009,74,61,Low
6010,91,64,Mid
6011,73,65,Low
6012,77,63,Mid
6013,99,74,High
6014,59,68,Low
6015,86,65,Mid
6016,74,66,Low
6017,92,69,Mid
6018,70,69,Low
6019,65,70,Low
6020,60,70,Low
6021,94,71,High
6022,86,72,High
6023,54,61,Low
6024,86,68,Mid
6025,52,66,Low
6026,59,70,Low
6027,80,63,Mid
6028,73,68,Low
6029,92,62,Mid
6030,80,69,High
6031,98,69,Mid
6032,93,72,High
6033,67,64,Low
6034,92,63,Mid
6035,93,70,High
6036,98,69,Mid
6037,51,61,Low
6038,94,70,High
6039,53,64,Low
6040,76,76,High
6041,71,73,High
6042,96,67,Mid
6043,70,69,Low
6044,80,72,High
6045,85,66,Mid
6046,51,70,Low
6047,80,73,High
6048,76,68,Mid
6049,80,66,Mid
6050,54,67,Low
6051,53,67,Low
6052,59,62,Low
6053,93,72,High
6054,68,65,Low
6055,72,69,High
6056,70,69,Low
6057,86,69,High
6058,63,69,Low
6059,53,69,Low
6060,69,70,High
6061,86,67,Mid
6062,96,69,Mid
6063,53,75,High
6064,91,66,Mid
6065,53,63,Low
6066,67,64,Low
6067,51,66,Low
6068,96,72,High
6069,85,71,High
6070,68,70,High
6071,69,67,Low
6072,82,65,Mid
6073,54,65,Low
6074,57,73,High
6075,92,66,Mid
6076,60,62,Low
6077,86,71,High
6078,61,66,Low
6079,54,65,Low
6080,95,75,High
6081,95,74,High
6082,80,65,Mid
6083,73,71,High
6084,78,65,Mid
6085,70,65,Low
6086,88,67,Mid
6087,88,67,Mid
6088,91,66,Mid
6089,76,67,Mid
6090,90,66,Mid
6091,58,65,Low
6092,52,59,Low
6093,82,69,High
6094,55,63,Low
6095,78,65,Mid
6096,86,61,Mid
6097,70,68,Low
6098,52,65,Low
6099,94,61,Mid
6100,52,69,Low
6101,95,72,High
6102,53,59,Low
6103,87,63,Mid
6104,96,69,Mid
6105,95,67,Mid
6106,95,70,High
6107,94,67,Mid
6108,76,66,Mid
6109,78,68,Mid
6110,81,71,High
6111,95,69,Mid
6112,92,65,Mid
6113,89,66,Mid
6114,84,66,Mid
6115,81,67,Mid
6116,96,74,High
6117,60,66,Low
6118,60,72,High
6119,99,69,Mid
6120,78,68,Mid
6121,74,71,High
6122,93,61,Mid
6123,92,65,Mid
6124,59,71,Low
6125,59,59,Low
6126,90,71,High
6127,89,72,High
6128,61,71,Low
6129,92,61,Mid
6130,74,67,Low
6131,73,67,Low
6132,99,74,High
6133,76,66,Mid
6134,57,63,Low
6135,64,63,Low
6136,67,68,Low
6137,98,65,Mid
6138,63,66,Low
6139,72,67,Low
6140,87,67,Mid
6141,64,70,Low
6142,85,65,Mid
6143,60,68,Low
6144,62,70,Low
6145,99,66,Mid
6146,68,69,Low
6147,86,65,Mid
6148,92,68,Mid
6149,67,65,Low
6150,68,70,High
6151,89,65,Mid
6152,80,67,Mid
6153,68,64,Low
6154,87,68,Mid
6155,93,70,High
6156,62,64,Low
6157,51,67,Low
6158,64,68,Low
6159,84,67,Mid
6160,96,66,Mid
6161,93,66,Mid
6162,61,66,Low
6163,94,67,Mid
6164,91,69,Mid
6165,87,65,Mid
6166,84,68,Mid
6167,90,67,Mid
6168,93,69,Mid
6169,91,64,Mid
6170,56,67,Low
6171,86,67,Mid
6172,92,67,Mid
6173,59,67,Low
6174,61,68,Low
6175,89,65,Mid
6176,67,70,High
6177,70,68,Low
6178,69,72,High
6179,61,67,Low
6180,97,66,Mid
6181,90,68,Mid
6182,63,64,Low
6183,55,75,High
6184,69,66,Low
6185,71,67,Low
6186,50,71,Low
6187,94,68,Mid
6188,93,65,Mid
6189,93,67,Mid
6190,90,66,Mid
6191,87,60,Mid
6192,82,64,Mid
6193,98,69,Mid
6194,86,64,Mid
6195,82,66,Mid
6196,89,72,High
6197,62,60,Low
6198,98,69,Mid
6199,51,62,Low
6200,82,70,High
6201,54,65,Low
6202,93,77,High
6203,98,71,High
6204,70,66,Low
6205,93,74,High
6206,67,70,High
6207,58,69,Low
6208,64,64,Low
6209,65,69,Low
6210,82,68,Mid
6211,90,63,Mid
6212,60,61,Low
6213,54,61,Low
6214,61,65,Low
6215,65,65,Low
6216,64,69,Low
6217,61,69,Low
6218,73,65,Low
6219,93,72,High
6220,55,69,Low
6221,93,71,High
6222,75,67,Mid
6223,83,72,High
6224,91,70,High
6225,65,68,Low
6226,98,66,Mid
6227,54,68,Low
6228,76,71,High
6229,63,63,Low
6230,70,70,High
6231,72,65,Low
6232,96,70,High
6233,72,65,Low
6234,85,68,Mid
6235,98,69,Mid
6236,75,66,Mid
6237,70,62,Low
6238,99,70,High
6239,91,65,Mid
6240,97,71,High
6241,70,68,Low
6242,85,65,Mid
6243,62,70,Low
6244,93,69,Mid
6245,97,66,Mid
6246,63,66,Low
6247,55,67,Low
6248,60,63,Low
6249,82,70,High
6250,64,65,Low
6251,82,70,High
6252,68,74,High
6253,96,69,Mid
6254,73,68,Low
6255,75,64,Mid
6256,67,73,High
6257,54,66,Low
6258,75,65,Mid
6259,89,66,Mid
6260,98,67,Mid
6261,54,67,Low
6262,90,66,Mid
6263,63,69,Low
6264,91,69,Mid
6265,67,68,Low
6266,56,64,Low
6267,81,70,High
6268,95,67,Mid
6269,59,68,Low
6270,51,67,Low
6271,94,73,High
6272,85,65,Mid
6273,90,69,Mid
6274,53,63,Low
6275,95,68,Mid
6276,71,64,Low
6277,95,68,Mid
6278,53,66,Low
6279,94,65,Mid
6280,84,69,High
6281,78,69,High
6282,53,64,Low
6283,84,74,High
6284,80,64,Mid
6285,86,63,Mid
6286,86,64,Mid
6287,72,71,High
6288,60,68,Low
6289,96,72,High
6290,96,67,Mid
6291,61,64,Low
6292,82,70,High
6293,60,65,Low
6294,93,69,Mid
6295,55,65,Low
6296,100,66,Mid
6297,81,67,Mid
6298,51,68,Low
6299,94,65,Mid
6300,84,68,Mid
6301,85,63,Mid
6302,64,71,High
6303,67,71,High
6304,96,65,Mid
6305,82,65,Mid
6306,51,61,Low
6307,66,68,Low
6308,80,65,Mid
6309,57,66,Low
6310,55,69,Low
6311,53,65,Low
6312,82,65,Mid
6313,66,70,Low
6314,69,70,High
6315,53,67,Low
6316,87,75,High
6317,88,65,Mid
6318,91,66,Mid
6319,83,67,Mid
6320,89,67,Mid
6321,79,62,Mid
6322,75,66,Mid
6323,63,66,Low
6324,53,64,Low
6325,65,60,Low
6326,84,70,High
6327,96,72,High
6328,63,67,Low
6329,83,67,Mid
6330,74,72,High
6331,81,63,Mid
6332,50,60,Low
6333,56,65,Low
6334,61,72,High
6335,95,70,High
6336,52,71,Low
6337,78,66,Mid
6338,96,72,High
6339,83,73,High
6340,74,71,High
6341,69,64,Low
6342,81,66,Mid
6343,74,69,High
6344,85,66,Mid
6345,81,63,Mid
6346,78,62,Mid
6347,98,98,High
6348,92,71,High
6349,80,66,Mid
6350,77,75,High
6351,86,68,Mid
6352,90,69,Mid
6353,65,68,Low
6354,83,60,Mid
6355,57,64,Low
6356,72,71,High
6357,97,69,Mid
6358,66,60,Low
6359,58,70,Low
6360,57,66,Low
6361,70,68,Low
6362,61,67,Low
6363,71,70,High
6364,86,69,High
6365,94,75,High
6366,56,65,Low
6367,88,65,Mid
6368,55,66,Low
6369,69,64,Low
6370,100,66,Mid
6371,53,70,Low
6372,51,63,Low
6373,67,66,Low
6374,98,71,High
6375,51,68,Low
6376,61,68,Low
6377,80,71,High
6378,62,63,Low
6379,53,60,Low
6380,53,73,Low
6381,78,68,Mid
6382,78,70,High
6383,85,66,Mid
6384,57,72,Low
6385,75,70,High
6386,80,68,Mid
6387,61,60,Low
6388,77,68,Mid
6389,85,74,High
6390,100,68,Mid
6391,80,72,High
6392,93,69,Mid
6393,92,98,High
6394,97,68,Mid
6395,86,70,High
6396,61,69,Low
6397,65,64,Low
6398,89,65,Mid
6399,76,69,High
6400,63,67,Low
6401,83,65,Mid
6402,95,70,High
6403,68,68,Low
6404,80,65,Mid
6405,79,74,High
6406,56,65,Low
6407,55,65,Low
6408,94,68,Mid
6409,97,68,Mid
6410,95,74,High
6411,70,71,High
6412,64,67,Low
6413,97,64,Mid
6414,94,61,Mid
6415,91,66,Mid
6416,67,61,Low
6417,82,73,High
6418,88,70,High
6419,79,70,High
6420,80,63,Mid
6421,88,69,Mid
6422,88,72,High
6423,62,66,Low
6424,70,68,Low
6425,89,67,Mid
6426,63,65,Low
6427,96,68,Mid
6428,92,68,Mid
6429,95,69,Mid
6430,65,66,Low
6431,55,58,Low
6432,55,60,Low
6433,78,67,Mid
6434,65,65,Low
6435,63,62,Low
6436,61,65,Low
6437,78,69,High
6438,77,70,High
6439,71,70,High
6440,57,63,Low
6441,96,69,Mid
6442,71,64,Low
6443,56,69,Low
6444,52,70,Low
6445,58,64,Low
6446,65,65,Low
6447,82,70,High
6448,99,60,Mid
6449,64,68,Low
6450,89,61,Mid
6451,96,68,Mid
6452,70,61,Low
6453,63,64,Low
6454,75,66,Mid
6455,95,70,High
6456,51,65,Low
6457,74,74,High
6458,88,66,Mid
6459,80,65,Mid
6460,75,69,High
6461,78,69,High
6462,81,69,High
6463,84,66,Mid
6464,68,63,Low
6465,76,69,High
6466,64,65,Low
6467,99,67,Mid
6468,59,66,Low
6469,58,67,Low
6470,63,65,Low
6471,96,69,Mid
6472,83,65,Mid
6473,73,67,Low
6474,96,66,Mid
6475,95,64,Mid
6476,70,70,High
6477,78,65,Mid
6478,95,65,Mid
6479,66,64,Low
6480,70,64,Low
6481,90,61,Mid
6482,85,65,Mid
6483,52,68,Low
6484,56,70,Low
6485,92,74,High
6486,51,60,Low
6487,96,71,High
6488,64,70,Low
6489,80,67,Mid
6490,78,68,Mid
6491,70,64,Low
6492,52,67,Low
6493,60,65,Low
6494,81,66,Mid
6495,72,72,High
6496,71,69,High
6497,55,65,Low
6498,67,71,High
6499,76,72,High
6500,54,70,Low
6501,53,63,Low
6502,75,66,Mid
6503,78,67,Mid
6504,63,67,Low
6505,66,62,Low
6506,90,72,High
6507,93,69,Mid
6508,66,61,Low
6509,68,67,Low
6510,92,66,Mid
6511,99,68,Mid
6512,66,62,Low
6513,89,63,Mid
6514,74,70,High
6515,63,68,Low
6516,84,71,High
6517,73,65,Low
6518,63,59,Low
6519,55,64,Low
6520,93,67,Mid
6521,94,68,Mid
6522,54,95,High
6523,83,70,High
6524,58,68,Low
6525,82,65,Mid
6526,95,70,High
6527,63,67,Low
6528,67,69,Low
6529,90,68,Mid
6530,87,72,High
6531,70,71,High
6532,92,75,High
6533,96,70,High
6534,73,66,Low
6535,52,67,Low
6536,75,70,High
6537,87,71,High
6538,61,64,Low
6539,55,65,Low
6540,64,64,Low
6541,51,62,Low
6542,86,64,Mid
6543,57,66,Low
6544,86,64,Mid
6545,62,71,Low
6546,100,68,Mid
6547,77,70,High
6548,52,66,Low
6549,89,71,High
6550,71,68,Low
6551,80,66,Mid
6552,98,66,Mid
6553,76,65,Mid
6554,90,64,Mid
6555,65,67,Low
6556,86,65,Mid
6557,55,69,Low
6558,95,69,Mid
6559,60,69,Low
6560,65,68,Low
6561,98,67,Mid
6562,58,68,Low
6563,63,65,Low
6564,79,69,High
6565,99,73,High
6566,85,76,High
6567,56,69,Low
6568,87,69,High
6569,71,68,Low
6570,100,70,High
6571,81,64,Mid
6572,77,73,High
6573,78,64,Mid
6574,82,65,Mid
6575,87,69,High
6576,54,62,Low
6577,57,64,Low
6578,65,64,Low
6579,74,67,Low
6580,66,69,Low
6581,61,67,Low
6582,96,65,Mid
6583,52,63,Low
6584,97,66,Mid
6585,95,70,High
6586,84,70,High
6587,52,67,Low
6588,61,65,Low
6589,99,70,High
6590,95,66,Mid
6591,98,66,Mid
6592,100,72,High
6593,53,64,Low
6594,79,70,High
6595,92,71,High
6596,66,66,Low
6597,72,70,High
6598,64,64,Low
6599,52,70,Low
6600,54,67,Low
6601,51,65,Low
6602,76,68,Mid
6603,81,69,High
6604,65,68,Low
6605,91,68,Mid
6606,94,64,Mid
